Frame,Variance
0,0
1,0.01403577
2,0.01392531
3,0.01387355
4,0.01380851
5,0.01376002
6,0.01372647
7,0.01372641
8,0.0136503
9,0.01363429
10,0.01367075
11,0.01364611
12,0.01364522
13,0.0136461
14,0.01362882
15,0.01368815
16,0.01366293
17,0.01366788
18,0.01361359
19,0.01364672
20,0.01362709
21,0.01370766
22,0.01373165
23,0.01373584
24,0.01335025
25,0.01341367
26,0.01339793
27,0.01334051
28,0.01333691
29,0.01334073
30,0.01335167
31,0.01275155
32,0.01275642
33,0.0126965
34,0.01271776
35,0.01277765
36,0.01261576
37,0.01264219
38,0.01271638
39,0.01265431
40,0.01254006
41,0.01230208
42,0.0121192
43,0.01209512
44,0.01204931
45,0.0119552
46,0.01183205
47,0.01168591
48,0.01157658
49,0.01149742
50,0.01139083
51,0.01135886
52,0.01139173
53,0.01118392
54,0.01107916
55,0.01101858
56,0.01082792
57,0.01051052
58,0.01021379
59,0.01015814
60,0.009853992
61,0.00965038
62,0.009477682
63,0.009280431
64,0.00914166
65,0.009028336
66,0.008874074
67,0.008576886
68,0.008150442
69,0.007732716
70,0.007291141
71,0.007133275
72,0.006909769
73,0.00687086
74,0.00669783
75,0.006711694
76,0.006711771
77,0.006658167
78,0.006632108
79,0.006626712
80,0.006536009
81,0.006492901
82,0.006530495
83,0.006450475
84,0.006406056
85,0.006371424
86,0.006365884
87,0.006341331
88,0.006388689
89,0.006340686
90,0.00623461
91,0.006118457
92,0.0060902
93,0.005273285
94,0.005157364
95,0.0050628
96,0.005049753
97,0.005008169
98,0.005000635
99,0.004929285
100,0.004866738
101,0.004928432
102,0.004897278
103,0.004881247
104,0.004856978
105,0.004797469
106,0.004740461
107,0.004647728
108,0.004674163
109,0.004645639
110,0.004598056
111,0.004535565
112,0.004500306
113,0.004452493
114,0.004415449
115,0.004520189
116,0.004476239
117,0.004427561
118,0.004394218
119,0.004398849
120,0.004337512
121,0.004344592
122,0.004265214
123,0.004276904
124,0.004257976
125,0.00416225
126,0.004146644
127,0.004095358
128,0.004017993
129,0.004076752
130,0.004069859
131,0.004021465
132,0.004022772
133,0.004005124
134,0.003928591
135,0.003916497
136,0.003884139
137,0.003843834
138,0.003851406
139,0.003854908
140,0.003841001
141,0.003741359
142,0.003755737
143,0.003727276
144,0.003718784
145,0.003736282
146,0.003704349
147,0.003700627
148,0.003720907
149,0.003689478
150,0.003679312
151,0.003709167
152,0.003722247
153,0.003725826
154,0.00376193
155,0.003765622
156,0.003804488
157,0.00382593
158,0.003862481
159,0.004035212
160,0.004073348
161,0.004108004
162,0.004240025
163,0.004288128
164,0.004319169
165,0.004457626
166,0.004549873
167,0.004434582
168,0.004534793
169,0.004677217
170,0.004832282
171,0.004923218
172,0.005030213
173,0.005242011
174,0.005169147
175,0.00544023
176,0.005569798
177,0.005722822
178,0.005914567
179,0.005218302
180,0.005227309
181,0.005074221
182,0.00510544
183,0.005156634
184,0.005111637
185,0.004969832
186,0.004874404
187,0.004773038
188,0.004747823
189,0.004711835
190,0.004705618
191,0.004665392
192,0.004640921
193,0.004696536
194,0.00478623
195,0.004744658
196,0.004812698
197,0.004907754
198,0.005007694
199,0.005190226
200,0.005277503
201,0.005347258
202,0.005199217
203,0.005207438
204,0.005181209
205,0.005183137
206,0.005095541
207,0.005008733
208,0.005081705
209,0.004774038
210,0.004697167
211,0.004631859
212,0.004695222
213,0.00467141
214,0.004599079
215,0.004571044
216,0.00460593
217,0.004602489
218,0.004547559
219,0.004533584
220,0.004466829
221,0.00449613
222,0.004492899
223,0.004509664
224,0.004526095
225,0.004518363
226,0.004554381
227,0.004592786
228,0.004603367
229,0.004655295
230,0.004699272
231,0.004694379
232,0.004705117
233,0.004735751
234,0.004765483
235,0.004755828
236,0.004773972
237,0.004812656
238,0.004877077
239,0.004897988
240,0.004932255
241,0.005003782
242,0.005007366
243,0.005010241
244,0.005089449
245,0.00514925
246,0.005170426
247,0.005216607
248,0.005265807
249,0.005326126
250,0.005377367
251,0.005366898
252,0.005378388
253,0.00539205
254,0.005392889
255,0.005417728
256,0.005444925
257,0.005476072
258,0.005335156
259,0.005321371
260,0.00535138
261,0.005361317
262,0.005320761
263,0.005313348
264,0.005311646
265,0.005395498
266,0.005412648
267,0.005368395
268,0.005360816
269,0.005355226
270,0.00533982
271,0.0053395
272,0.005445192
273,0.005455069
274,0.005471562
275,0.00544873
276,0.005449988
277,0.005452054
278,0.005417694
279,0.005457079
280,0.005499216
281,0.005459731
282,0.00546299
283,0.005451954
284,0.005422771
285,0.005349719
286,0.005249574
287,0.005193503
288,0.005166124
289,0.005051053
290,0.005092286
291,0.005244493
292,0.005221323
293,0.005303508
294,0.0054564
295,0.00556897
296,0.005669551
297,0.005496656
298,0.005250246
299,0.005435688
300,0.005448711
301,0.005987464
302,0.006470246
303,0.006642925
304,0.006672874
305,0.005169838
306,0.004838269
307,0.004934317
308,0.004906155
309,0.00496973
310,0.005007622
311,0.004978572
312,0.004748625
313,0.004878129
314,0.004854914
315,0.004792938
316,0.004799713
317,0.004868253
318,0.00497724
319,0.004998378
320,0.005091975
321,0.005175711
322,0.005078514
323,0.005040207
324,0.004981581
325,0.004873802
326,0.004790413
327,0.004585363
328,0.004529935
329,0.004412779
330,0.00430806
331,0.004309513
332,0.004324815
333,0.004296318
334,0.004437476
335,0.004503811
336,0.004556919
337,0.004615379
338,0.004667955
339,0.00471865
340,0.00463812
341,0.004230708
342,0.004195867
343,0.004167925
344,0.004141598
345,0.004098087
346,0.003752938
347,0.003610933
348,0.003892966
349,0.003939487
350,0.004009887
351,0.004043206
352,0.004094457
353,0.004091112
354,0.004160839
355,0.004155671
356,0.004100429
357,0.004254628
358,0.004300543
359,0.004400634
360,0.00444001
361,0.004775731
362,0.004819382
363,0.005000687
364,0.005186596
365,0.005325449
366,0.005571547
367,0.005670273
368,0.005721507
369,0.005710549
370,0.005700793
371,0.005779437
372,0.005798283
373,0.00573367
374,0.005801767
375,0.005912802
376,0.005971885
377,0.005943879
378,0.005905407
379,0.005851946
380,0.005757749
381,0.00573696
382,0.005716458
383,0.006173363
384,0.006178533
385,0.006190337
386,0.006057294
387,0.005990865
388,0.005931567
389,0.005849115
390,0.006245728
391,0.006446038
392,0.005944675
393,0.005574137
394,0.005441639
395,0.005415765
396,0.005450312
397,0.006149679
398,0.00609494
399,0.005911794
400,0.005726539
401,0.005693388
402,0.005583751
403,0.005346683
404,0.005004712
405,0.004896758
406,0.004771796
407,0.004720896
408,0.004641864
409,0.004602211
410,0.004646505
411,0.004610538
412,0.004793526
413,0.004838943
414,0.004792373
415,0.004623851
416,0.00462914
417,0.004669812
418,0.004787148
419,0.004538228
420,0.004622838
421,0.004536212
422,0.004610538
423,0.004681158
424,0.004802004
425,0.004681664
426,0.004375658
427,0.004319022
428,0.004205603
429,0.004271387
430,0.004188427
431,0.004073237
432,0.003657246
433,0.003524508
434,0.003513767
435,0.00354384
436,0.003526011
437,0.003583138
438,0.003661518
439,0.004003282
440,0.004112021
441,0.00428415
442,0.004086148
443,0.004100354
444,0.004233793
445,0.004258254
446,0.004287305
447,0.004529425
448,0.004426153
449,0.004656788
450,0.004737518
451,0.005134487
452,0.005197323
453,0.005353742
454,0.005613768
455,0.005737558
456,0.005919051
457,0.006087544
458,0.006187147
459,0.006314759
460,0.006361136
461,0.006756734
462,0.006998681
463,0.007159949
464,0.007207788
465,0.00733461
466,0.00733523
467,0.007190433
468,0.006784529
469,0.005849405
470,0.005716233
471,0.005754197
472,0.005673448
473,0.005694166
474,0.006115937
475,0.0060555
476,0.006057019
477,0.006057294
478,0.005828735
479,0.005742058
480,0.005695122
481,0.005980877
482,0.006002815
483,0.005989108
484,0.006124306
485,0.006178125
486,0.006114047
487,0.006064869
488,0.006253491
489,0.006213729
490,0.006186962
491,0.005945514
492,0.005828197
493,0.005638008
494,0.00564659
495,0.005807905
496,0.005860797
497,0.005736878
498,0.005712134
499,0.005687738
500,0.005762267
501,0.005727878
502,0.00603621
503,0.00611667
504,0.006006204
505,0.005795114
506,0.005711713
507,0.005693028
508,0.005570709
509,0.005627828
510,0.005929918
511,0.006181567
512,0.006531282
513,0.006904441
514,0.006965516
515,0.007077159
516,0.007408445
517,0.007526695
518,0.007651652
519,0.007232715
520,0.006811084
521,0.006865573
522,0.006868361
523,0.007231147
524,0.007445204
525,0.007372835
526,0.007355354
527,0.007361352
528,0.007182445
529,0.00711408
530,0.006733184
531,0.00668009
532,0.006596035
533,0.006546221
534,0.006491599
535,0.00661782
536,0.006712297
537,0.006760193
538,0.006880908
539,0.007108427
540,0.007285079
541,0.007346241
542,0.007378111
543,0.007480026
544,0.007134174
545,0.007034665
546,0.007177561
547,0.007418049
548,0.007556323
549,0.007675823
550,0.007835519
551,0.007038299
552,0.007095381
553,0.007283216
554,0.007443025
555,0.007667951
556,0.007909252
557,0.00824058
558,0.00788815
559,0.008128888
560,0.00828176
561,0.008538006
562,0.008649039
563,0.00872288
564,0.008580696
565,0.008582777
566,0.008606429
567,0.008674577
568,0.008749621
569,0.008886618
570,0.009009802
571,0.009136158
572,0.009205407
573,0.009290859
574,0.006426231
575,0.006400737
576,0.006329954
577,0.00620654
578,0.00609327
579,0.005998825
580,0.005963464
581,0.005972579
582,0.005967515
583,0.005849974
584,0.005900058
585,0.005791344
586,0.005759778
587,0.005692396
588,0.005618924
589,0.005495601
590,0.005507208
591,0.0056505
592,0.005756769
593,0.006129082
594,0.006166848
595,0.006082597
596,0.00606688
597,0.006118074
598,0.006285655
599,0.006643868
600,0.006889927
601,0.007171962
602,0.007954736
603,0.007926763
604,0.007904044
605,0.007927174
606,0.007977599
607,0.007760434
608,0.007795437
609,0.007833145
610,0.007857895
611,0.008668141
612,0.009088296
613,0.009132528
614,0.009221802
615,0.009483825
616,0.009715486
617,0.009997947
618,0.009796424
619,0.009896681
620,0.01004507
621,0.01020194
622,0.0103537
623,0.01049697
624,0.01057893
625,0.01016386
626,0.01020726
627,0.01019977
628,0.01023656
629,0.01031946
630,0.01027751
631,0.01016669
632,0.01052576
633,0.01053405
634,0.01058236
635,0.01056488
636,0.01059927
637,0.01058941
638,0.01065434
639,0.01071539
640,0.01069993
641,0.01069795
642,0.01072116
643,0.01070394
644,0.01078216
645,0.01079395
646,0.01112061
647,0.0110928
648,0.01120814
649,0.01120127
650,0.01088129
651,0.0103197
652,0.01002975
653,0.009771378
654,0.009615416
655,0.009498511
656,0.009504427
657,0.009405488
658,0.009288085
659,0.009217361
660,0.009216881
661,0.00922272
662,0.008993755
663,0.008942063
664,0.008907996
665,0.008936977
666,0.00885311
667,0.009113473
668,0.008906815
669,0.008737919
670,0.008573124
671,0.008372291
672,0.008490719
673,0.008458746
674,0.008456741
675,0.008525454
676,0.008491384
677,0.008584145
678,0.00865266
679,0.008610373
680,0.008529109
681,0.008331783
682,0.008323885
683,0.008407252
684,0.008337703
685,0.008377684
686,0.0085047
687,0.008515411
688,0.00856984
689,0.00856794
690,0.008546337
691,0.008585938
692,0.008532627
693,0.008468345
694,0.008426176
695,0.008740534
696,0.008622521
697,0.008629542
698,0.00862403
699,0.008487608
700,0.008374493
701,0.008235366
702,0.008469434
703,0.008447879
704,0.008447537
705,0.008461536
706,0.008515115
707,0.008482358
708,0.008505131
709,0.008436445
710,0.008605745
711,0.008650252
712,0.008653725
713,0.008635222
714,0.008802513
715,0.008678318
716,0.008806895
717,0.008806122
718,0.008860784
719,0.00882608
720,0.008822648
721,0.008772811
722,0.008798947
723,0.008836941
724,0.008771916
725,0.008811402
726,0.008786698
727,0.008736325
728,0.008763136
729,0.008795127
730,0.008767277
731,0.008732648
732,0.008798951
733,0.00880997
734,0.008879662
735,0.009037642
736,0.009063103
737,0.008970149
738,0.008953912
739,0.009151665
740,0.009139266
741,0.009018059
742,0.009047735
743,0.009031539
744,0.009041509
745,0.009049482
746,0.009000871
747,0.008970426
748,0.008919301
749,0.008908696
750,0.00886448
751,0.008791612
752,0.00877682
753,0.008733127
754,0.008732217
755,0.008696171
756,0.008526892
757,0.00848982
758,0.008494118
759,0.008245929
760,0.008124158
761,0.008109044
762,0.007294813
763,0.006703284
764,0.005530423
765,0.004941587
766,0.004843682
767,0.004851927
768,0.00485661
769,0.004884969
770,0.005006428
771,0.005012161
772,0.005035067
773,0.00507197
774,0.00509606
775,0.005129672
776,0.005152493
777,0.005185495
778,0.005211783
779,0.005303544
780,0.005353409
781,0.005438757
782,0.005583877
783,0.00565651
784,0.005727747
785,0.005795326
786,0.005795405
787,0.005857904
788,0.005869077
789,0.005897269
790,0.00595639
791,0.006251995
792,0.00623361
793,0.006262565
794,0.006276495
795,0.00624717
796,0.006284305
797,0.006372745
798,0.0063886
799,0.006394194
800,0.006409023
801,0.006434056
802,0.006495643
803,0.006555257
804,0.006724648
805,0.007011749
806,0.00700936
807,0.007023526
808,0.007039578
809,0.007272779
810,0.007426179
811,0.007455436
812,0.008064435
813,0.008036463
814,0.007412703
815,0.00734563
816,0.007418259
817,0.007422918
818,0.007343395
819,0.007331915
820,0.00736473
821,0.007589163
822,0.007307593
823,0.007348179
824,0.007250017
825,0.007283494
826,0.007462751
827,0.00750511
828,0.00749643
829,0.00750361
830,0.007538985
831,0.007508059
832,0.007554236
833,0.007453475
834,0.007471922
835,0.007499013
836,0.007468188
837,0.007480538
838,0.007517022
839,0.007434689
840,0.007510015
841,0.007529466
842,0.007187884
843,0.007171087
844,0.007144847
845,0.00714191
846,0.007157844
847,0.007304059
848,0.007336856
849,0.007446491
850,0.007509598
851,0.007807669
852,0.007808795
853,0.007989864
854,0.008339863
855,0.008335585
856,0.008321053
857,0.008214431
858,0.008274047
859,0.008056156
860,0.008028397
861,0.008049201
862,0.007873525
863,0.00742803
864,0.00686198
865,0.006469368
866,0.006215387
867,0.006569386
868,0.007682008
869,0.009455212
870,0.01011017
871,0.00795405
872,0.008048682
873,0.00805619
874,0.008208157
875,0.008827319
876,0.008738443
877,0.008651884
878,0.008973288
879,0.008773216
880,0.008881816
881,0.008868438
882,0.008889623
883,0.008914536
884,0.008719672
885,0.008423369
886,0.008156035
887,0.008275481
888,0.008273215
889,0.008288413
890,0.008231945
891,0.008263607
892,0.008254968
893,0.008190695
894,0.008303916
895,0.008475468
896,0.008511276
897,0.008447696
898,0.008546518
899,0.008591893
900,0.008599777
901,0.008634226
902,0.008529661
903,0.00861658
904,0.008621814
905,0.008623466
906,0.008653949
907,0.008697875
908,0.008823487
909,0.008819909
910,0.008783672
911,0.008589395
912,0.008428224
913,0.008533867
914,0.008346214
915,0.008174403
916,0.007862825
917,0.007895388
918,0.007921739
919,0.007834551
920,0.007717877
921,0.007663623
922,0.007571507
923,0.007162798
924,0.006979382
925,0.007012018
926,0.007105716
927,0.007292996
928,0.007365589
929,0.007416105
930,0.007707439
931,0.007748219
932,0.007889629
933,0.008236675
934,0.008788528
935,0.008696302
936,0.008780745
937,0.008948019
938,0.009042981
939,0.008930191
940,0.008998327
941,0.008867026
942,0.008812386
943,0.008831121
944,0.009053858
945,0.008918453
946,0.008898362
947,0.008968237
948,0.008774463
949,0.008760515
950,0.00880666
951,0.008475422
952,0.008487047
953,0.008567418
954,0.008596288
955,0.008621867
956,0.008776641
957,0.008715316
958,0.008680605
959,0.008701317
960,0.008630808
961,0.008596328
962,0.008473144
963,0.008430882
964,0.008353551
965,0.008233072
966,0.008281508
967,0.008337187
968,0.008343343
969,0.00845886
970,0.007268379
971,0.007313116
972,0.007610089
973,0.007683528
974,0.007223901
975,0.006994865
976,0.007200693
977,0.0073066
978,0.007634341
979,0.008719083
980,0.008721434
981,0.008896874
982,0.0091193
983,0.009220378
984,0.009376656
985,0.009397767
986,0.01030036
987,0.01026596
988,0.01044524
989,0.01045593
990,0.01061659
991,0.0105122
992,0.01072509
993,0.01156416
994,0.01141048
995,0.008262276
996,0.008205047
997,0.008075139
998,0.008070987
999,0.007758513
1000,0.007547163
1001,0.007545836
1002,0.007623381
1003,0.007412957
1004,0.007269674
1005,0.007394066
1006,0.007505065
1007,0.00710836
1008,0.007067636
1009,0.007068027
1010,0.006982967
1011,0.006993495
1012,0.007405971
1013,0.007351434
1014,0.006205529
1015,0.006282963
1016,0.006376827
1017,0.006411926
1018,0.006397993
1019,0.006308184
1020,0.006270494
1021,0.005899201
1022,0.005618498
1023,0.00561376
1024,0.005599005
1025,0.005447975
1026,0.00533314
1027,0.005188506
1028,0.005023899
1029,0.004954852
1030,0.004916566
1031,0.005072312
1032,0.005039406
1033,0.004963065
1034,0.005013807
1035,0.005380867
1036,0.005588199
1037,0.005486372
1038,0.005537687
1039,0.005614594
1040,0.005637001
1041,0.005732387
1042,0.005553981
1043,0.005709323
1044,0.00583212
1045,0.00590721
1046,0.005884124
1047,0.005890022
1048,0.005836655
1049,0.00546984
1050,0.005418055
1051,0.005384455
1052,0.005487404
1053,0.005658431
1054,0.005532566
1055,0.005590749
1056,0.005724144
1057,0.00564352
1058,0.005534363
1059,0.005553877
1060,0.005517651
1061,0.005525842
1062,0.005474031
1063,0.005549215
1064,0.005595685
1065,0.005514933
1066,0.005503842
1067,0.005616351
1068,0.005624568
1069,0.005728702
1070,0.006263122
1071,0.006306862
1072,0.006355745
1073,0.006093764
1074,0.00587027
1075,0.005807205
1076,0.005748917
1077,0.005889633
1078,0.00590496
1079,0.005925394
1080,0.005880299
1081,0.005900577
1082,0.006184723
1083,0.006440511
1084,0.007383341
1085,0.00744351
1086,0.007600281
1087,0.007649095
1088,0.007741201
1089,0.007841415
1090,0.007859781
1091,0.007986112
1092,0.007989811
1093,0.008061806
1094,0.008061456
1095,0.00808417
1096,0.008160712
1097,0.008208385
1098,0.008299676
1099,0.008461082
1100,0.008542659
1101,0.008566971
1102,0.008603484
1103,0.008601452
1104,0.008756283
1105,0.008641453
1106,0.00872189
1107,0.00876519
1108,0.008770497
1109,0.008832579
1110,0.008837352
1111,0.008902451
1112,0.008872652
1113,0.008835257
1114,0.008844353
1115,0.008871787
1116,0.008864693
1117,0.008892107
1118,0.008175005
1119,0.008402996
1120,0.008207104
1121,0.00810531
1122,0.007888338
1123,0.00746625
1124,0.007238355
1125,0.007111705
1126,0.006676033
1127,0.006626436
1128,0.006614584
1129,0.006773815
1130,0.006905131
1131,0.006979806
1132,0.007146142
1133,0.006967048
1134,0.006671052
1135,0.006355519
1136,0.006884278
1137,0.006590139
1138,0.004969575
1139,0.004806843
1140,0.004760539
1141,0.00479404
1142,0.004849313
1143,0.004920231
1144,0.004992792
1145,0.005187685
1146,0.005309747
1147,0.005385373
1148,0.005564119
1149,0.005628285
1150,0.005658562
1151,0.005720807
1152,0.005862643
1153,0.005944279
1154,0.005818994
1155,0.005943713
1156,0.006100573
1157,0.006261768
1158,0.00642712
1159,0.006656936
1160,0.006884794
1161,0.006843044
1162,0.006927602
1163,0.006979206
1164,0.005829006
1165,0.005653388
1166,0.005558781
1167,0.005529473
1168,0.005465868
1169,0.005447034
1170,0.005592805
1171,0.005519358
1172,0.00564847
1173,0.005745371
1174,0.006088407
1175,0.006597762
1176,0.006690575
1177,0.006888883
1178,0.006752182
1179,0.006697868
1180,0.006548347
1181,0.006453588
1182,0.006664593
1183,0.006491025
1184,0.006488685
1185,0.00640681
1186,0.006373973
1187,0.006288686
1188,0.006292833
1189,0.006135112
1190,0.006240751
1191,0.006244488
1192,0.006369459
1193,0.006366996
1194,0.006547826
1195,0.006512341
1196,0.006466337
1197,0.006239003
1198,0.006063076
1199,0.006076544
1200,0.00601848
1201,0.005933044
1202,0.005859118
1203,0.005667463
1204,0.005647835
1205,0.0056104
1206,0.005524504
1207,0.005522871
1208,0.005504983
1209,0.005412225
1210,0.005392
1211,0.005262266
1212,0.005237916
1213,0.00516788
1214,0.005107008
1215,0.005005073
1216,0.004954485
1217,0.004818539
1218,0.004774085
1219,0.004763086
1220,0.004687242
1221,0.004497739
1222,0.004488392
1223,0.004490433
1224,0.004444016
1225,0.004447544
1226,0.004331563
1227,0.004299723
1228,0.004284485
1229,0.004132396
1230,0.004124743
1231,0.004071796
1232,0.003996856
1233,0.003897502
1234,0.003843552
1235,0.003716055
1236,0.00369903
1237,0.003642959
1238,0.003674979
1239,0.003645408
1240,0.003648274
1241,0.003647011
1242,0.003567672
1243,0.003559925
1244,0.00351496
1245,0.003496841
1246,0.003477413
1247,0.003478666
1248,0.003479879
1249,0.003456649
1250,0.003464187
1251,0.00271964
1252,0.002516399
1253,0.002290591
1254,0.00225655
1255,0.00210607
1256,0.002019415
1257,0.001982023
1258,0.001983456
1259,0.00198563
1260,0.002046666
1261,0.002117862
1262,0.002231474
1263,0.002202967
1264,0.002265958
1265,0.002457537
1266,0.002837009
1267,0.002768598
1268,0.002803044
1269,0.002583845
1270,0.002672224
1271,0.002760333
1272,0.002903812
1273,0.003067009
1274,0.003102473
1275,0.003115949
1276,0.003517455
1277,0.003954477
1278,0.004193381
1279,0.004307833
1280,0.00451717
1281,0.004769745
1282,0.004410436
1283,0.004417318
1284,0.004835701
1285,0.00481391
1286,0.004799115
1287,0.004817001
1288,0.004778078
1289,0.004782091
1290,0.004729591
1291,0.004563593
1292,0.004495423
1293,0.004483812
1294,0.004485185
1295,0.004495995
1296,0.004482553
1297,0.004489555
1298,0.004589738
1299,0.00454408
1300,0.004604203
1301,0.004578497
1302,0.004619868
1303,0.004618236
1304,0.004671421
1305,0.004719301
1306,0.004736693
1307,0.004723103
1308,0.004549857
1309,0.004214936
1310,0.004020905
1311,0.003874892
1312,0.003901845
1313,0.003891496
1314,0.003863963
1315,0.003906837
1316,0.003904409
1317,0.003910778
1318,0.003937636
1319,0.004167404
1320,0.004229616
1321,0.004250302
1322,0.004297264
1323,0.004371569
1324,0.004463814
1325,0.004510904
1326,0.004661301
1327,0.004610115
1328,0.004609424
1329,0.00454417
1330,0.00448888
1331,0.004405413
1332,0.004282914
1333,0.004259577
1334,0.004213192
1335,0.004143182
1336,0.004035397
1337,0.003963864
1338,0.004027212
1339,0.004044264
1340,0.004510961
1341,0.00471354
1342,0.004876769
1343,0.005198504
1344,0.005372168
1345,0.005605034
1346,0.005825963
1347,0.006660497
1348,0.006997738
1349,0.007433014
1350,0.007379272
1351,0.007305182
1352,0.007132673
1353,0.005917546
1354,0.005638759
1355,0.005501674
1356,0.005267348
1357,0.005102523
1358,0.004953126
1359,0.004803773
1360,0.004752141
1361,0.004521967
1362,0.004243862
1363,0.004171838
1364,0.00413347
1365,0.004251165
1366,0.004102551
1367,0.004435296
1368,0.004423343
1369,0.004349684
1370,0.004355273
1371,0.004264991
1372,0.004146717
1373,0.004060043
1374,0.004076515
1375,0.003926937
1376,0.003862661
1377,0.003905876
1378,0.003933792
1379,0.003901704
1380,0.003811681
1381,0.003811324
1382,0.004070146
1383,0.004456333
1384,0.004566607
1385,0.0046229
1386,0.004153656
1387,0.003821308
1388,0.003803599
1389,0.00396147
1390,0.003843278
1391,0.003838016
1392,0.003799777
1393,0.00375547
1394,0.003667966
1395,0.003554488
1396,0.003432199
1397,0.003381992
1398,0.002937452
1399,0.002893083
1400,0.002845711
1401,0.002803288
1402,0.002789242
1403,0.002829809
1404,0.002990755
1405,0.003479871
1406,0.00382916
1407,0.004024707
1408,0.003021198
1409,0.002858067
1410,0.002997703
1411,0.003109244
1412,0.00313683
1413,0.003163933
1414,0.003171713
1415,0.00321524
1416,0.003205359
1417,0.003178864
1418,0.003184055
1419,0.003231307
1420,0.003267896
1421,0.003302395
1422,0.00332058
1423,0.003416797
1424,0.00334495
1425,0.00337912
1426,0.002988395
1427,0.003056034
1428,0.003094297
1429,0.00308232
1430,0.00302639
1431,0.002808454
1432,0.002838343
1433,0.002841539
1434,0.002833666
1435,0.002818809
1436,0.002912807
1437,0.002918431
1438,0.002855991
1439,0.002786776
1440,0.002934584
1441,0.002855687
1442,0.002815369
1443,0.003322988
1444,0.003283585
1445,0.003024329
1446,0.002987661
1447,0.002913182
1448,0.003008784
1449,0.002974238
1450,0.002907891
1451,0.002882746
1452,0.002395446
1453,0.002391822
1454,0.002515946
1455,0.002629508
1456,0.00276749
1457,0.002936947
1458,0.00299242
1459,0.002344501
1460,0.002437324
1461,0.002449743
1462,0.002461135
1463,0.002443701
1464,0.002476481
1465,0.002484743
1466,0.00243138
1467,0.002406249
1468,0.002596895
1469,0.002884263
1470,0.003045964
1471,0.003316409
1472,0.003686912
1473,0.004312671
1474,0.004557371
1475,0.004750267
1476,0.005309949
1477,0.005789699
1478,0.006146645
1479,0.00366244
1480,0.003726823
1481,0.003909444
1482,0.004172891
1483,0.004435466
1484,0.004583884
1485,0.004678384
1486,0.004805767
1487,0.004705533
1488,0.004777556
1489,0.004805969
1490,0.004845652
1491,0.004902055
1492,0.004999684
1493,0.005094697
1494,0.004806519
1495,0.004834421
1496,0.004821636
1497,0.005017749
1498,0.005060825
1499,0.005183025
1500,0.005162279
1501,0.005276847
1502,0.005527825
1503,0.005478045
1504,0.005606829
1505,0.005773508
1506,0.005845762
1507,0.005786226
1508,0.005590573
1509,0.00559218
1510,0.00562829
1511,0.005617618
1512,0.005552956
1513,0.005527139
1514,0.005425327
1515,0.005414458
1516,0.005431423
1517,0.005469638
1518,0.005414626
1519,0.005444363
1520,0.005496563
1521,0.005530092
1522,0.005514796
1523,0.005499335
1524,0.005564217
1525,0.005618681
1526,0.005436228
1527,0.005514483
1528,0.005625598
1529,0.005470637
1530,0.005369331
1531,0.005387218
1532,0.005460739
1533,0.005501169
1534,0.005628167
1535,0.005630995
1536,0.005655226
1537,0.005706367
1538,0.005518322
1539,0.005270625
1540,0.005214486
1541,0.005145499
1542,0.005089277
1543,0.004951008
1544,0.004905842
1545,0.004877929
1546,0.004917377
1547,0.00482482
1548,0.004957608
1549,0.004948505
1550,0.004988881
1551,0.005060039
1552,0.004999105
1553,0.004934259
1554,0.004998359
1555,0.00498998
1556,0.005053707
1557,0.005258093
1558,0.005573374
1559,0.005860401
1560,0.006081728
1561,0.006601999
1562,0.006873779
1563,0.007123355
1564,0.006968237
1565,0.006674467
1566,0.00636771
1567,0.006204217
1568,0.006252411
1569,0.005954699
1570,0.005979592
1571,0.005903532
1572,0.005860358
1573,0.00586552
1574,0.005861375
1575,0.005882042
1576,0.005910482
1577,0.003436561
1578,0.003332037
1579,0.003320459
1580,0.003349831
1581,0.003348771
1582,0.003312299
1583,0.003276942
1584,0.003228662
1585,0.003143533
1586,0.003159336
1587,0.003111674
1588,0.003177033
1589,0.003112711
1590,0.003066001
1591,0.003010745
1592,0.002987503
1593,0.002745011
1594,0.002843714
1595,0.002816785
1596,0.003053591
1597,0.002977917
1598,0.003021814
1599,0.002992237
1600,0.002793678
1601,0.002755949
1602,0.002727387
1603,0.00262245
1604,0.002628136
1605,0.002518183
1606,0.002509932
1607,0.002560524
1608,0.002526026
1609,0.002478319
1610,0.002457134
1611,0.002468438
1612,0.002498479
1613,0.002855383
1614,0.00290623
1615,0.002836513
1616,0.002879215
1617,0.002674846
1618,0.002669011
1619,0.002734218
1620,0.002769511
1621,0.002832689
1622,0.002932743
1623,0.003186428
1624,0.00309894
1625,0.003135592
1626,0.003145133
1627,0.003080482
1628,0.003074283
1629,0.003196492
1630,0.002843323
1631,0.002879137
1632,0.002901118
1633,0.002913031
1634,0.002678216
1635,0.002531347
1636,0.002427986
1637,0.002292485
1638,0.00249134
1639,0.002472743
1640,0.002535759
1641,0.00258717
1642,0.002632203
1643,0.002738375
1644,0.002737022
1645,0.002941631
1646,0.002965894
1647,0.003040985
1648,0.003048207
1649,0.003016738
1650,0.003056441
1651,0.003151303
1652,0.003156217
1653,0.003283188
1654,0.003408877
1655,0.003484104
1656,0.00377142
1657,0.003992508
1658,0.004146897
1659,0.004448704
1660,0.004509527
1661,0.004739487
1662,0.004977219
1663,0.005089012
1664,0.005179166
1665,0.005327516
1666,0.00532794
1667,0.005532022
1668,0.005586026
1669,0.005585329
1670,0.005625719
1671,0.005662024
1672,0.005680962
1673,0.005408666
1674,0.005217039
1675,0.005297296
1676,0.005573943
1677,0.005963915
1678,0.006210219
1679,0.005961792
1680,0.005973948
1681,0.005894294
1682,0.005810508
1683,0.005513721
1684,0.005354674
1685,0.005525671
1686,0.005558961
1687,0.00346516
1688,0.00358613
1689,0.003910952
1690,0.003942904
1691,0.004094076
1692,0.004197771
1693,0.004314949
1694,0.004785407
1695,0.00481516
1696,0.004863881
1697,0.00492643
1698,0.005090913
1699,0.005183853
1700,0.005333306
1701,0.005702687
1702,0.005759175
1703,0.005847663
1704,0.006033016
1705,0.006205404
1706,0.006259726
1707,0.006272656
1708,0.006561807
1709,0.006613164
1710,0.006648402
1711,0.006661955
1712,0.006737991
1713,0.006820548
1714,0.00682883
1715,0.007056636
1716,0.007050149
1717,0.007113934
1718,0.007116152
1719,0.007050863
1720,0.007059636
1721,0.007085177
1722,0.006620259
1723,0.006578081
1724,0.006587956
1725,0.00658987
1726,0.006647536
1727,0.006568931
1728,0.006477687
1729,0.006596437
1730,0.006467098
1731,0.006261331
1732,0.006187591
1733,0.006129051
1734,0.006201146
1735,0.006110677
1736,0.006115572
1737,0.006049439
1738,0.006002137
1739,0.005976333
1740,0.005978654
1741,0.006104243
1742,0.006087058
1743,0.00606795
1744,0.006100107
1745,0.006138482
1746,0.006185526
1747,0.006225866
1748,0.006381699
1749,0.006340412
1750,0.006379232
1751,0.00647046
1752,0.006411924
1753,0.006397389
1754,0.006488067
1755,0.006570226
1756,0.006634422
1757,0.006834629
1758,0.006768316
1759,0.006827112
1760,0.006917386
1761,0.007093609
1762,0.007104644
1763,0.007092286
1764,0.007116545
1765,0.00715675
1766,0.007269892
1767,0.007009468
1768,0.007022337
1769,0.006908569
1770,0.006913377
1771,0.006819876
1772,0.006917327
1773,0.006808059
1774,0.006832393
1775,0.006930643
1776,0.00686985
1777,0.006940043
1778,0.006777066
1779,0.006867603
1780,0.006834953
1781,0.006858634
1782,0.006881188
1783,0.006838346
1784,0.006869248
1785,0.006893223
1786,0.00695092
1787,0.006998019
1788,0.006905823
1789,0.006862233
1790,0.006744229
1791,0.006604124
1792,0.006524193
1793,0.006646861
1794,0.00673641
1795,0.006665743
1796,0.006686005
1797,0.006639832
1798,0.006646307
1799,0.006682464
1800,0.006629761
1801,0.006555934
1802,0.006647099
1803,0.006617548
1804,0.006457055
1805,0.006502938
1806,0.006436136
1807,0.00647253
1808,0.006486739
1809,0.006446851
1810,0.006423637
1811,0.006276954
1812,0.006342417
1813,0.006270881
1814,0.006639643
1815,0.0067144
1816,0.0066573
1817,0.006791948
1818,0.006803295
1819,0.006694207
1820,0.006609841
1821,0.006771974
1822,0.00676202
1823,0.006799126
1824,0.006842107
1825,0.006690748
1826,0.006685193
1827,0.006646334
1828,0.006610235
1829,0.006622375
1830,0.006568902
1831,0.006255234
1832,0.006224746
1833,0.006137347
1834,0.00606025
1835,0.005892883
1836,0.005693515
1837,0.005496842
1838,0.005498306
1839,0.005294341
1840,0.005187801
1841,0.005095155
1842,0.005019947
1843,0.004971636
1844,0.00485301
1845,0.004883364
1846,0.004846412
1847,0.004676866
1848,0.004583428
1849,0.004497481
1850,0.004517505
1851,0.004539471
1852,0.00466899
1853,0.004612321
1854,0.004740809
1855,0.004831221
1856,0.004830531
1857,0.004705278
1858,0.00472104
1859,0.004480714
1860,0.004499619
1861,0.004549881
1862,0.004540465
1863,0.004434119
1864,0.004405168
1865,0.004369511
1866,0.004442987
1867,0.004457957
1868,0.004493047
1869,0.004453022
1870,0.004440594
1871,0.004467463
1872,0.004569319
1873,0.004284523
1874,0.00422439
1875,0.004154103
1876,0.004170425
1877,0.004184229
1878,0.004101616
1879,0.004043503
1880,0.003526388
1881,0.003431289
1882,0.003244259
1883,0.003186367
1884,0.003235162
1885,0.003323853
1886,0.003180757
1887,0.003187313
1888,0.003174269
1889,0.003089316
1890,0.003101566
1891,0.003087778
1892,0.002999909
1893,0.002856599
1894,0.002796965
1895,0.002783875
1896,0.002899178
1897,0.002845765
1898,0.002485302
1899,0.002379778
1900,0.002288139
1901,0.002370273
1902,0.002374019
1903,0.002596966
1904,0.002745044
1905,0.002841653
1906,0.003154905
1907,0.003385528
1908,0.002987646
1909,0.003044333
1910,0.00314834
1911,0.003097776
1912,0.003153349
1913,0.003158949
1914,0.003265886
1915,0.003648943
1916,0.003736029
1917,0.003900315
1918,0.004013971
1919,0.004003987
1920,0.004057495
1921,0.004358388
1922,0.004770393
1923,0.005144285
1924,0.005545548
1925,0.00585535
1926,0.005951534
1927,0.005899474
1928,0.005789966
1929,0.00584129
1930,0.005818067
1931,0.006186879
1932,0.00636315
1933,0.006453674
1934,0.006332084
1935,0.006199032
1936,0.006016716
1937,0.005715532
1938,0.005590969
1939,0.005798181
1940,0.005801774
1941,0.005796225
1942,0.005752966
1943,0.005685342
1944,0.00582023
1945,0.00590196
1946,0.006240595
1947,0.006159282
1948,0.006118893
1949,0.006054589
1950,0.005894596
1951,0.005737134
1952,0.005656814
1953,0.006008947
1954,0.006039374
1955,0.006201415
1956,0.006013102
1957,0.005916259
1958,0.005902757
1959,0.005716154
1960,0.006045079
1961,0.005962015
1962,0.006200477
1963,0.006503288
1964,0.006830087
1965,0.0066689
1966,0.006863917
1967,0.007440068
1968,0.007220936
1969,0.007210712
1970,0.007275463
1971,0.007379907
1972,0.007489247
1973,0.008053002
1974,0.00840664
1975,0.008440968
1976,0.008194255
1977,0.008192877
1978,0.008046998
1979,0.00788732
1980,0.007880926
1981,0.007941258
1982,0.007879725
1983,0.007868512
1984,0.008043764
1985,0.008025409
1986,0.008085672
1987,0.008101803
1988,0.00823091
1989,0.008131395
1990,0.008037121
1991,0.007948638
1992,0.007868893
1993,0.007876001
1994,0.00784616
1995,0.008009973
1996,0.008224412
1997,0.008340372
1998,0.008359936
1999,0.008503347
2000,0.008625464
2001,0.008754521
2002,0.008626325
2003,0.008661444
2004,0.008741829
2005,0.008922379
2006,0.009025241
2007,0.009159266
2008,0.00920761
2009,0.009393276
2010,0.009517586
2011,0.009634891
2012,0.009666276
2013,0.009732029
2014,0.009637612
2015,0.009745648
2016,0.009719225
2017,0.009799221
2018,0.009888617
2019,0.009829646
2020,0.009844576
2021,0.009791691
2022,0.009814519
2023,0.009735532
2024,0.009717036
2025,0.009787758
2026,0.009843935
2027,0.009953055
2028,0.009889097
2029,0.009897685
2030,0.009950807
2031,0.009919098
2032,0.009879635
2033,0.009867797
2034,0.009787767
2035,0.009691908
2036,0.009682387
2037,0.009516333
2038,0.009462023
2039,0.009407974
2040,0.009405049
2041,0.00944136
2042,0.009417792
2043,0.009443465
2044,0.009397371
2045,0.009436226
2046,0.009453645
2047,0.009444187
2048,0.009516167
2049,0.00954707
2050,0.009597167
2051,0.009714605
2052,0.009776508
2053,0.00989213
2054,0.009938836
2055,0.01002109
2056,0.01002928
2057,0.01008152
2058,0.01011015
2059,0.01011934
2060,0.01017398
2061,0.01015551
2062,0.01021461
2063,0.0102529
2064,0.01028139
2065,0.01027981
2066,0.01028356
2067,0.01024782
2068,0.01019855
2069,0.01020392
2070,0.01027426
2071,0.01027029
2072,0.01035872
2073,0.01039051
2074,0.01044407
2075,0.01045147
2076,0.01041195
2077,0.01058482
2078,0.01056722
2079,0.01053469
2080,0.0108408
2081,0.01081688
2082,0.01077364
2083,0.01069037
2084,0.01060694
2085,0.01052481
2086,0.01064123
2087,0.01086232
2088,0.01087618
2089,0.01102353
2090,0.01105948
2091,0.01095025
2092,0.01090763
2093,0.01083145
2094,0.01116864
2095,0.0111132
2096,0.01099665
2097,0.01089913
2098,0.0107799
2099,0.01060405
2100,0.0104871
2101,0.01049181
2102,0.01054681
2103,0.0104774
2104,0.01033098
2105,0.0103052
2106,0.01017485
2107,0.009947211
2108,0.009916333
2109,0.009959236
2110,0.01017072
2111,0.01026812
2112,0.01042243
2113,0.01068471
2114,0.01081949
2115,0.01080849
2116,0.01083631
2117,0.01079716
2118,0.01090564
2119,0.01104869
2120,0.01115363
2121,0.0114912
2122,0.01168257
2123,0.01176513
2124,0.01218988
2125,0.01243257
2126,0.01267999
2127,0.01302125
2128,0.01347661
2129,0.01368142
2130,0.01404916
2131,0.01096441
2132,0.01089793
2133,0.01095504
2134,0.01025376
2135,0.01021663
2136,0.009317935
2137,0.009347618
2138,0.009525649
2139,0.009454399
2140,0.009278383
2141,0.009279463
2142,0.009344067
2143,0.008983715
2144,0.008974458
2145,0.008894905
2146,0.008815303
2147,0.008892132
2148,0.008899366
2149,0.008900043
2150,0.009529134
2151,0.009498815
2152,0.009381547
2153,0.009339316
2154,0.009270656
2155,0.009232216
2156,0.009184367
2157,0.009949248
2158,0.009967739
2159,0.01000568
2160,0.01001303
2161,0.01015346
2162,0.010247
2163,0.01027582
2164,0.0106273
2165,0.01058358
2166,0.01061424
2167,0.01065863
2168,0.01073679
2169,0.0107624
2170,0.01075527
2171,0.01096318
2172,0.01094759
2173,0.01087443
2174,0.01084721
2175,0.01077319
2176,0.01076934
2177,0.01080158
2178,0.01093514
2179,0.01097747
2180,0.01095513
2181,0.01071581
2182,0.01051675
2183,0.01051477
2184,0.01051766
2185,0.01086269
2186,0.01076645
2187,0.01075078
2188,0.01082959
2189,0.01066481
2190,0.0105424
2191,0.01058802
2192,0.01059015
2193,0.01034932
2194,0.01026433
2195,0.01028877
2196,0.01001853
2197,0.009968274
2198,0.00983927
2199,0.009747631
2200,0.009640743
2201,0.009662088
2202,0.009692845
2203,0.009704533
2204,0.007849404
2205,0.007755819
2206,0.007558793
2207,0.007610036
2208,0.007693083
2209,0.007754095
2210,0.008030999
2211,0.008329066
2212,0.008654499
2213,0.008408958
2214,0.008577509
2215,0.008771348
2216,0.008695289
2217,0.008686358
2218,0.008850936
2219,0.009037045
2220,0.00913268
2221,0.009224319
2222,0.009364046
2223,0.009499196
2224,0.009448465
2225,0.009563464
2226,0.009740337
2227,0.009620043
2228,0.009756361
2229,0.01002622
2230,0.01024789
2231,0.01025364
2232,0.01031006
2233,0.01066661
2234,0.01106872
2235,0.01104451
2236,0.01113062
2237,0.01121206
2238,0.01116037
2239,0.01116707
2240,0.01133752
2241,0.01131978
2242,0.01133594
2243,0.01151438
2244,0.01179585
2245,0.01181757
2246,0.01191897
2247,0.01203577
2248,0.01210385
2249,0.01214076
2250,0.01198311
2251,0.01207955
2252,0.01208535
2253,0.01199648
2254,0.01197033
2255,0.01227012
2256,0.01228688
2257,0.01229696
2258,0.01226005
2259,0.01226351
2260,0.01202569
2261,0.01208991
2262,0.01209515
2263,0.01206063
2264,0.01211762
2265,0.01224472
2266,0.01231693
2267,0.01238842
2268,0.01237608
2269,0.01264572
2270,0.01256759
2271,0.01264523
2272,0.01269342
2273,0.01278366
2274,0.01274285
2275,0.01275189
2276,0.0129368
2277,0.01281425
2278,0.01292986
2279,0.01289549
2280,0.0129167
2281,0.0128674
2282,0.01294251
2283,0.01319843
2284,0.01323995
2285,0.01327769
2286,0.01328482
2287,0.01325626
2288,0.01321627
2289,0.01324096
2290,0.01328648
2291,0.01283622
2292,0.01287274
2293,0.01295953
2294,0.01279594
2295,0.01281328
2296,0.01277417
2297,0.01267852
2298,0.01272774
2299,0.01272729
2300,0.01263078
2301,0.01270463
2302,0.01272605
2303,0.01268304
2304,0.01290943
2305,0.01290595
2306,0.01291916
2307,0.01299227
2308,0.01305465
2309,0.01299165
2310,0.01305848
2311,0.01301797
2312,0.01304372
2313,0.01294458
2314,0.01295063
2315,0.0129419
2316,0.01295739
2317,0.01306096
2318,0.01282858
2319,0.01265486
2320,0.01271469
2321,0.0127003
2322,0.01265629
2323,0.01256763
2324,0.01267611
2325,0.01277963
2326,0.01276145
2327,0.01273069
2328,0.01289634
2329,0.01289928
2330,0.01286543
2331,0.01282471
2332,0.01283745
2333,0.01303771
2334,0.01307982
2335,0.01305921
2336,0.01304732
2337,0.01318892
2338,0.01318249
2339,0.01328798
2340,0.01323339
2341,0.01329198
2342,0.01327956
2343,0.01328805
2344,0.01327852
2345,0.01331815
2346,0.01332523
2347,0.013416
2348,0.01357244
2349,0.01354888
2350,0.0135866
2351,0.01359483
2352,0.01351513
2353,0.01351181
2354,0.01351134
2355,0.01351553
2356,0.01358842
2357,0.0135289
2358,0.01352706
2359,0.01351488
2360,0.01360443
2361,0.01361067
2362,0.01360648
2363,0.01353557
2364,0.01360121
2365,0.01366974
2366,0.0136255
2367,0.01364132
2368,0.01361602
2369,0.01370228
2370,0.01376226
2371,0.01385063
2372,0.01376325
2373,0.01379989
2374,0.01376134
2375,0.01380091
2376,0.0137875
2377,0.01380266
2378,0.01384709
2379,0.01376352
2380,0.01385286
2381,0.01382959
2382,0.0138117
2383,0.01375296
2384,0.01364812
2385,0.01369748
2386,0.01378257
2387,0.01362005
2388,0.01330048
2389,0.01320098
2390,0.01328027
2391,0.01323515
2392,0.01322372
2393,0.01321129
2394,0.01313653
2395,0.0129264
2396,0.01288697
2397,0.01282681
2398,0.01276255
2399,0.0126963
2400,0.01270728
2401,0.01264126
2402,0.0124473
2403,0.01240562
2404,0.01238483
2405,0.01234116
2406,0.01237625
2407,0.01242792
2408,0.01249846
2409,0.01256372
2410,0.01252635
2411,0.0124942
2412,0.01243526
2413,0.01243309
2414,0.01237789
2415,0.01234334
2416,0.01238613
2417,0.01239026
2418,0.01231129
2419,0.01231996
2420,0.01226474
2421,0.01228554
2422,0.01222737
2423,0.01233553
2424,0.01217682
2425,0.01203248
2426,0.01190944
2427,0.01176352
2428,0.01167714
2429,0.01169569
2430,0.01165957
2431,0.01155657
2432,0.01152303
2433,0.01148074
2434,0.01148947
2435,0.0115239
2436,0.01147864
2437,0.01141684
2438,0.01150194
2439,0.01138768
2440,0.01139942
2441,0.01137134
2442,0.01137364
2443,0.01131232
2444,0.01125275
2445,0.01116722
2446,0.0110959
2447,0.01094461
2448,0.01118222
2449,0.01123946
2450,0.01113994
2451,0.01117926
2452,0.01108277
2453,0.01101156
2454,0.01117506
2455,0.01123909
2456,0.01127111
2457,0.01127487
2458,0.01134934
2459,0.01137587
2460,0.01141598
2461,0.01138363
2462,0.01150805
2463,0.01150035
2464,0.01153694
2465,0.01143907
2466,0.0113852
2467,0.01133647
2468,0.01142954
2469,0.01135476
2470,0.01097163
2471,0.0109193
2472,0.01081022
2473,0.01071543
2474,0.01067139
2475,0.01070943
2476,0.01047402
2477,0.01031583
2478,0.01039999
2479,0.01031811
2480,0.01025443
2481,0.01014266
2482,0.01004751
2483,0.01000499
2484,0.01003852
2485,0.009981886
2486,0.009871415
2487,0.009778203
2488,0.009879786
2489,0.009784159
2490,0.009843193
2491,0.009682559
2492,0.00984635
2493,0.009756909
2494,0.009839212
2495,0.00835431
2496,0.008330978
2497,0.008532719
2498,0.008546351
2499,0.008125145
2500,0.008257724
2501,0.008094545
2502,0.007152838
2503,0.006825947
2504,0.006373147
2505,0.006261814
2506,0.006158608
2507,0.00606183
2508,0.005930116
2509,0.005898362
2510,0.005855873
2511,0.005885734
2512,0.005604992
2513,0.005552931
2514,0.005515098
2515,0.005387678
2516,0.00540596
2517,0.00536154
2518,0.005429045
2519,0.005631627
2520,0.005854003
2521,0.005848737
2522,0.005914362
2523,0.006100667
2524,0.006188588
2525,0.006167946
2526,0.006251222
2527,0.00635206
2528,0.006340332
2529,0.006496098
2530,0.006663505
2531,0.006768011
2532,0.007070566
2533,0.007297206
2534,0.008229378
2535,0.008787554
2536,0.008192697
2537,0.007970901
2538,0.007894156
2539,0.008148571
2540,0.00810973
2541,0.007913787
2542,0.007833675
2543,0.007796271
2544,0.007941867
2545,0.007873127
2546,0.007988412
2547,0.007994226
2548,0.007970843
2549,0.008037433
2550,0.008015838
2551,0.00815378
2552,0.008223203
2553,0.008669798
2554,0.0089098
2555,0.009096999
2556,0.009044223
2557,0.00912499
2558,0.008906551
2559,0.008866109
2560,0.009241264
2561,0.009190757
2562,0.008947891
2563,0.008255416
2564,0.007990482
2565,0.008021447
2566,0.008262709
2567,0.008664333
2568,0.008701459
2569,0.009170788
2570,0.009169814
2571,0.009344282
2572,0.009351429
2573,0.009309388
2574,0.009373312
2575,0.009459957
2576,0.009347134
2577,0.00916956
2578,0.009105873
2579,0.008741066
2580,0.008317748
2581,0.008506489
2582,0.008312172
2583,0.008162498
2584,0.008149368
2585,0.00812187
2586,0.008098708
2587,0.008077951
2588,0.008047876
2589,0.008011305
2590,0.007990293
2591,0.007963932
2592,0.007878623
2593,0.007981757
2594,0.00793851
2595,0.007521361
2596,0.007452166
2597,0.007421774
2598,0.007415597
2599,0.007475996
2600,0.00742219
2601,0.007405449
2602,0.007370067
2603,0.007282531
2604,0.007287273
2605,0.007295055
2606,0.007302305
2607,0.007269473
2608,0.007234474
2609,0.007381043
2610,0.007377703
2611,0.007386332
2612,0.007399334
2613,0.007412785
2614,0.0074241
2615,0.007437672
2616,0.007167132
2617,0.005723854
2618,0.00571498
2619,0.005828742
2620,0.005854038
2621,0.00576762
2622,0.005716502
2623,0.005441427
2624,0.005525436
2625,0.005565598
2626,0.005497028
2627,0.005468958
2628,0.005466106
2629,0.00547021
2630,0.005323171
2631,0.005303205
2632,0.005293349
2633,0.005296278
2634,0.005226669
2635,0.00522972
2636,0.005193689
2637,0.005002902
2638,0.004983861
2639,0.004834865
2640,0.004740501
2641,0.004745244
2642,0.004729726
2643,0.004650145
2644,0.004491647
2645,0.00441977
2646,0.004425875
2647,0.004378976
2648,0.004353333
2649,0.004365781
2650,0.004333725
2651,0.004401389
2652,0.004365762
2653,0.004352393
2654,0.004428846
2655,0.004637655
2656,0.004780073
2657,0.00504831
2658,0.004776766
2659,0.004715221
2660,0.004655306
2661,0.004669079
2662,0.004672104
2663,0.004663828
2664,0.004599991
2665,0.004380981
2666,0.004466309
2667,0.004434635
2668,0.004409225
2669,0.004407469
2670,0.004397669
2671,0.004336027
2672,0.004124785
2673,0.004128513
2674,0.004085365
2675,0.004138208
2676,0.004124806
2677,0.004045848
2678,0.004030135
2679,0.003553593
2680,0.003527091
2681,0.003376373
2682,0.003420614
2683,0.003418272
2684,0.003381481
2685,0.003334937
2686,0.003264169
2687,0.003312565
2688,0.00341961
2689,0.003471401
2690,0.003475993
2691,0.003477213
2692,0.003511013
2693,0.003338834
2694,0.003371953
2695,0.003405356
2696,0.003478338
2697,0.003514377
2698,0.003627009
2699,0.00369507
2700,0.003784201
2701,0.003903482
2702,0.003943504
2703,0.004035068
2704,0.004118442
2705,0.004165284
2706,0.004316421
2707,0.004638056
2708,0.004666605
2709,0.004693589
2710,0.004751092
2711,0.004793853
2712,0.004802022
2713,0.004937747
2714,0.004854727
2715,0.004631811
2716,0.004535995
2717,0.004351725
2718,0.004247728
2719,0.004162142
2720,0.003702894
2721,0.003667048
2722,0.00363971
2723,0.003659652
2724,0.003663876
2725,0.003677866
2726,0.003721736
2727,0.003759441
2728,0.003673001
2729,0.003704231
2730,0.003711282
2731,0.003674728
2732,0.003607807
2733,0.003588349
2734,0.003640077
2735,0.003779503
2736,0.003691398
2737,0.003565426
2738,0.003424502
2739,0.0032424
2740,0.003147507
2741,0.002994627
2742,0.002927348
2743,0.00289471
2744,0.002906112
2745,0.002805302
2746,0.002865047
2747,0.002894756
2748,0.002907629
2749,0.002935148
2750,0.00295665
2751,0.002942065
2752,0.00299102
2753,0.002846345
2754,0.002860399
2755,0.002863481
2756,0.00287957
2757,0.002976161
2758,0.002938528
2759,0.002957569
2760,0.002917866
2761,0.002841584
2762,0.002873455
2763,0.002834945
2764,0.002686058
2765,0.002426868
2766,0.002296266
2767,0.002305492
2768,0.002085925
2769,0.001990931
2770,0.002010482
2771,0.001998492
2772,0.001934354
2773,0.001881842
2774,0.001874246
2775,0.00185201
2776,0.001821241
2777,0.001779263
2778,0.001745594
2779,0.001713641
2780,0.001719336
2781,0.001683321
2782,0.001679077
2783,0.001673599
2784,0.001703454
2785,0.001698929
2786,0.001684671
2787,0.001681407
2788,0.001719196
2789,0.001808985
2790,0.001829695
2791,0.001741608
2792,0.001744075
2793,0.001756447
2794,0.001786281
2795,0.001778731
2796,0.001797035
2797,0.001792962
2798,0.00181569
2799,0.001797038
2800,0.001803165
2801,0.001824115
2802,0.001681374
2803,0.001546758
2804,0.001549143
2805,0.001537546
2806,0.001551434
2807,0.001604423
2808,0.001637658
2809,0.001650209
2810,0.001658462
2811,0.001699388
2812,0.001671846
2813,0.001638339
2814,0.001658948
2815,0.001663242
2816,0.001736534
2817,0.001808741
2818,0.001938325
2819,0.002060822
2820,0.002186196
2821,0.002262436
2822,0.002313847
2823,0.00229903
2824,0.002336266
2825,0.002396195
2826,0.002395257
2827,0.002437893
2828,0.002511102
2829,0.002587018
2830,0.002441878
2831,0.002522653
2832,0.002636979
2833,0.002706202
2834,0.00274601
2835,0.003080628
2836,0.00362328
2837,0.004260395
2838,0.004725518
2839,0.005136974
2840,0.004922358
2841,0.004215399
2842,0.004305635
2843,0.004402253
2844,0.004258382
2845,0.004357677
2846,0.004430447
2847,0.004583934
2848,0.004703178
2849,0.004808513
2850,0.0048008
2851,0.004616737
2852,0.004652446
2853,0.004626707
2854,0.004462766
2855,0.004164483
2856,0.004031161
2857,0.004130825
2858,0.004051359
2859,0.004033947
2860,0.004133035
2861,0.004151311
2862,0.004171343
2863,0.004246104
2864,0.004340531
2865,0.004485967
2866,0.004638359
2867,0.004787503
2868,0.004837038
2869,0.004834288
2870,0.004921135
2871,0.004993516
2872,0.00461652
2873,0.003917268
2874,0.003710267
2875,0.004395142
2876,0.004247794
2877,0.004403624
2878,0.004437441
2879,0.004900788
2880,0.004953493
2881,0.004729189
2882,0.004739341
2883,0.004764065
2884,0.004709141
2885,0.004670833
2886,0.004280468
2887,0.00429276
2888,0.004316495
2889,0.004324113
2890,0.004301602
2891,0.00438406
2892,0.004384544
2893,0.004330065
2894,0.004335355
2895,0.004334357
2896,0.004351012
2897,0.004366093
2898,0.004457212
2899,0.004463077
2900,0.004628813
2901,0.004654123
2902,0.004692601
2903,0.004782584
2904,0.004871374
2905,0.004893829
2906,0.004971344
2907,0.005142986
2908,0.005212826
2909,0.005311943
2910,0.005416216
2911,0.005500621
2912,0.005643323
2913,0.006045727
2914,0.006699721
2915,0.006985225
2916,0.007422645
2917,0.007687984
2918,0.007873671
2919,0.007902387
2920,0.008020211
2921,0.008079035
2922,0.008216864
2923,0.008318787
2924,0.008330174
2925,0.00838784
2926,0.00837148
2927,0.008324023
2928,0.00882861
2929,0.008776486
2930,0.008864806
2931,0.008906146
2932,0.008896139
2933,0.009134257
2934,0.009518687
2935,0.009580106
2936,0.009824398
2937,0.01025392
2938,0.01042018
2939,0.01067796
2940,0.01083901
2941,0.01101028
2942,0.01130285
2943,0.01136194
2944,0.01155382
2945,0.01210169
2946,0.01231956
2947,0.01114848
2948,0.01117514
2949,0.01137185
2950,0.0114729
2951,0.01160835
2952,0.01133088
2953,0.01156297
2954,0.01133937
2955,0.01143135
2956,0.01132084
2957,0.01114248
2958,0.01094778
2959,0.01097076
2960,0.0108734
2961,0.01056264
2962,0.009220087
2963,0.009571339
2964,0.009222646
2965,0.008678408
2966,0.008726549
2967,0.008586342
2968,0.008125515
2969,0.007846422
2970,0.007217193
2971,0.007233277
2972,0.007271009
2973,0.007166014
2974,0.007109703
2975,0.007109107
2976,0.007154706
2977,0.007184355
2978,0.006600671
2979,0.006605871
2980,0.006756323
2981,0.007104434
2982,0.00752504
2983,0.007661308
2984,0.007612771
2985,0.007778983
2986,0.007950533
2987,0.008004069
2988,0.007841134
2989,0.00771105
2990,0.007777768
2991,0.008482257
2992,0.008627621
2993,0.008489587
2994,0.008290836
2995,0.008414157
2996,0.008189286
2997,0.008294184
2998,0.009778171
2999,0.01029749
3000,0.01030869
3001,0.01034284
3002,0.01020559
3003,0.007537107
3004,0.007720499
3005,0.0067579
3006,0.006872188
3007,0.007365742
3008,0.007364164
3009,0.007447856
3010,0.007587045
3011,0.007591908
3012,0.006864535
3013,0.006920224
3014,0.007060854
3015,0.00717092
3016,0.00716692
3017,0.007227605
3018,0.007475744
3019,0.006941763
3020,0.007148509
3021,0.007321287
3022,0.007321954
3023,0.007396519
3024,0.007470484
3025,0.007479385
3026,0.005732621
3027,0.00571019
3028,0.005841658
3029,0.005945033
3030,0.006007382
3031,0.006140468
3032,0.00613187
3033,0.006134549
3034,0.006192476
3035,0.006378908
3036,0.006534596
3037,0.006663411
3038,0.006624676
3039,0.006537133
3040,0.006641904
3041,0.006610229
3042,0.006635118
3043,0.006715144
3044,0.006800972
3045,0.006827641
3046,0.006798743
3047,0.006942852
3048,0.006926371
3049,0.006875224
3050,0.006817907
3051,0.006423467
3052,0.006428594
3053,0.006426624
3054,0.00644093
3055,0.006416244
3056,0.006395893
3057,0.006447124
3058,0.006827039
3059,0.006850949
3060,0.006859574
3061,0.006905623
3062,0.006968536
3063,0.006973928
3064,0.007026294
3065,0.00697869
3066,0.007021816
3067,0.006807066
3068,0.006766478
3069,0.006805355
3070,0.006790088
3071,0.006768217
3072,0.006855655
3073,0.006864168
3074,0.006927771
3075,0.006953734
3076,0.006992297
3077,0.007027402
3078,0.006831028
3079,0.006972374
3080,0.007206714
3081,0.007161235
3082,0.007171494
3083,0.007158912
3084,0.007182844
3085,0.007224986
3086,0.007223685
3087,0.007313761
3088,0.007234117
3089,0.007203235
3090,0.007155702
3091,0.007125073
3092,0.007074746
3093,0.007073513
3094,0.00713989
3095,0.007103944
3096,0.007111107
3097,0.007147069
3098,0.007056672
3099,0.007079897
3100,0.007108678
3101,0.007118126
3102,0.007053026
3103,0.007006193
3104,0.006835925
3105,0.006818391
3106,0.006722221
3107,0.006658218
3108,0.006681616
3109,0.006664039
3110,0.006572062
3111,0.006385229
3112,0.006327847
3113,0.006309162
3114,0.0059936
3115,0.005985056
3116,0.006008906
3117,0.005940074
3118,0.00584945
3119,0.005795808
3120,0.005728407
3121,0.005366428
3122,0.005460149
3123,0.005570557
3124,0.005497382
3125,0.005528515
3126,0.005487735
3127,0.005497378
3128,0.005606059
3129,0.005761369
3130,0.005655486
3131,0.005583251
3132,0.005615295
3133,0.00548296
3134,0.005581175
3135,0.005698038
3136,0.005650214
3137,0.005704347
3138,0.005936698
3139,0.006125973
3140,0.006253034
3141,0.006217593
3142,0.006613572
3143,0.006692811
3144,0.006769809
3145,0.006646899
3146,0.006774554
3147,0.006656907
3148,0.006856558
3149,0.007217854
3150,0.007116164
3151,0.006959152
3152,0.006752306
3153,0.006865209
3154,0.006581787
3155,0.006585501
3156,0.005928501
3157,0.004578644
3158,0.004588559
3159,0.004481839
3160,0.004671578
3161,0.004567866
3162,0.0046587
3163,0.004686208
3164,0.004620903
3165,0.004733622
3166,0.004778715
3167,0.00478794
3168,0.004814664
3169,0.005045136
3170,0.005747905
3171,0.005795564
3172,0.005809702
3173,0.005899522
3174,0.006217111
3175,0.00631655
3176,0.006210161
3177,0.006521584
3178,0.007100872
3179,0.007262336
3180,0.007351007
3181,0.00724538
3182,0.007110413
3183,0.006923037
3184,0.006923753
3185,0.006838603
3186,0.006829162
3187,0.006782321
3188,0.006762547
3189,0.006854066
3190,0.006753521
3191,0.006733225
3192,0.006659945
3193,0.006548853
3194,0.006398592
3195,0.006339222
3196,0.006418426
3197,0.005924441
3198,0.005463478
3199,0.005371133
3200,0.005302018
3201,0.005198349
3202,0.005130264
3203,0.004161908
3204,0.004123701
3205,0.004561301
3206,0.004769746
3207,0.004524059
3208,0.00455316
3209,0.004604987
3210,0.004647776
3211,0.004591212
3212,0.004486192
3213,0.004498894
3214,0.004506863
3215,0.004481417
3216,0.004427284
3217,0.0044525
3218,0.004470624
3219,0.004683404
3220,0.004639868
3221,0.004655465
3222,0.004732765
3223,0.004754183
3224,0.005265452
3225,0.005386627
3226,0.005755354
3227,0.005981676
3228,0.005695571
3229,0.00569094
3230,0.005505604
3231,0.005373901
3232,0.005299412
3233,0.006205701
3234,0.005983532
3235,0.00586573
3236,0.005589319
3237,0.005449525
3238,0.005439648
3239,0.00538552
3240,0.005710121
3241,0.005818687
3242,0.005754689
3243,0.005741459
3244,0.005713667
3245,0.005637977
3246,0.005736383
3247,0.006524483
3248,0.006536449
3249,0.006637209
3250,0.00674625
3251,0.006859949
3252,0.007027366
3253,0.007414117
3254,0.007337776
3255,0.007339747
3256,0.006770182
3257,0.006697594
3258,0.006831571
3259,0.006940594
3260,0.007081289
3261,0.007415802
3262,0.007482585
3263,0.007578642
3264,0.007674993
3265,0.007857152
3266,0.008083285
3267,0.008136854
3268,0.008448451
3269,0.008535179
3270,0.008411988
3271,0.008392457
3272,0.008344049
3273,0.008270402
3274,0.008095202
3275,0.008447482
3276,0.008232218
3277,0.008278606
3278,0.008010817
3279,0.007930457
3280,0.007807448
3281,0.007747518
3282,0.007391804
3283,0.00737158
3284,0.007319756
3285,0.007521531
3286,0.007476452
3287,0.007363538
3288,0.00720387
3289,0.006813023
3290,0.006602645
3291,0.006559233
3292,0.006669268
3293,0.00656219
3294,0.00646751
3295,0.006697184
3296,0.00663011
3297,0.006786202
3298,0.006675605
3299,0.006802352
3300,0.006850234
3301,0.006794359
3302,0.006920952
3303,0.006804963
3304,0.006906107
3305,0.007102861
3306,0.007304821
3307,0.007336151
3308,0.007390065
3309,0.007444463
3310,0.007247958
3311,0.007265599
3312,0.007020308
3313,0.007106443
3314,0.007205423
3315,0.007166413
3316,0.007172451
3317,0.007182168
3318,0.007164293
3319,0.007150372
3320,0.00723435
3321,0.00723308
3322,0.007265975
3323,0.007327038
3324,0.007476747
3325,0.00755394
3326,0.007741346
3327,0.007780074
3328,0.008086771
3329,0.008074375
3330,0.008203117
3331,0.008536213
3332,0.008710837
3333,0.008895201
3334,0.00909238
3335,0.009370764
3336,0.009568791
3337,0.009956125
3338,0.01033233
3339,0.01048717
3340,0.01052697
3341,0.01071138
3342,0.01078504
3343,0.01088546
3344,0.01103351
3345,0.01131293
3346,0.01125877
3347,0.01134065
3348,0.01054821
3349,0.0105342
3350,0.01046958
3351,0.01048484
3352,0.01049936
3353,0.01045611
3354,0.01030467
3355,0.01014913
3356,0.009789756
3357,0.009818384
3358,0.009524809
3359,0.009378741
3360,0.009241509
3361,0.009048714
3362,0.008909765
3363,0.008884678
3364,0.008693796
3365,0.008300797
3366,0.008257237
3367,0.008118819
3368,0.007968914
3369,0.007931984
3370,0.007830313
3371,0.007660216
3372,0.007465831
3373,0.007048485
3374,0.006903006
3375,0.006859043
3376,0.007090292
3377,0.007168168
3378,0.00723214
3379,0.007250726
3380,0.007160547
3381,0.006991164
3382,0.006881099
3383,0.00679864
3384,0.006955216
3385,0.006973524
3386,0.006968169
3387,0.00696622
3388,0.007005951
3389,0.007009778
3390,0.006982492
3391,0.007021079
3392,0.006990463
3393,0.007001636
3394,0.006946953
3395,0.006959201
3396,0.006909444
3397,0.006921596
3398,0.006724403
3399,0.006702506
3400,0.00667728
3401,0.006651742
3402,0.006584099
3403,0.006487203
3404,0.006414549
3405,0.0063139
3406,0.006233037
3407,0.006184926
3408,0.006168263
3409,0.006121505
3410,0.006121943
3411,0.00579871
3412,0.005767352
3413,0.005737895
3414,0.005721805
3415,0.005701409
3416,0.005659193
3417,0.005600101
3418,0.005642867
3419,0.005600133
3420,0.005620727
3421,0.005553297
3422,0.005578084
3423,0.005661812
3424,0.005833715
3425,0.005883427
3426,0.006293864
3427,0.006267841
3428,0.006169539
3429,0.006090304
3430,0.006104681
3431,0.006281166
3432,0.006257663
3433,0.006551747
3434,0.006836931
3435,0.007059725
3436,0.007194305
3437,0.007354059
3438,0.007557198
3439,0.007718155
3440,0.008266019
3441,0.008494555
3442,0.008693824
3443,0.008857286
3444,0.009021253
3445,0.009151514
3446,0.009239943
3447,0.009112623
3448,0.009146799
3449,0.009121791
3450,0.009120092
3451,0.006654005
3452,0.006739762
3453,0.006752276
3454,0.00676372
3455,0.006797814
3456,0.006806614
3457,0.006897402
3458,0.006982023
3459,0.007192541
3460,0.007485405
3461,0.008701274
3462,0.009110948
3463,0.009378207
3464,0.009440642
3465,0.009482327
3466,0.009541075
3467,0.008423602
3468,0.008642311
3469,0.008652768
3470,0.008661978
3471,0.008644748
3472,0.00863512
3473,0.008671343
3474,0.008803292
3475,0.008765721
3476,0.008729187
3477,0.008687666
3478,0.00845631
3479,0.008997153
3480,0.009286765
3481,0.009491229
3482,0.009920221
3483,0.009898339
3484,0.009936581
3485,0.00988247
3486,0.01002177
3487,0.009883342
3488,0.009819089
3489,0.01025206
3490,0.009966684
3491,0.009977253
3492,0.009953958
3493,0.01004993
3494,0.01005776
3495,0.01016995
3496,0.01036314
3497,0.01050763
3498,0.01058235
3499,0.01058805
3500,0.01054424
3501,0.01051547
3502,0.01049054
3503,0.0103615
3504,0.01040534
3505,0.01041014
3506,0.01038303
3507,0.01040419
3508,0.01041331
3509,0.01041365
3510,0.01027389
3511,0.01031185
3512,0.01026705
3513,0.01038267
3514,0.01041279
3515,0.0105405
3516,0.01048231
3517,0.0103383
3518,0.01028255
3519,0.0102646
3520,0.01028344
3521,0.01025873
3522,0.01026438
3523,0.01036516
3524,0.0100391
3525,0.01000032
3526,0.009947968
3527,0.009946808
3528,0.009912801
3529,0.009873316
3530,0.009823726
3531,0.009485964
3532,0.009481496
3533,0.009455109
3534,0.009499017
3535,0.00944207
3536,0.009415236
3537,0.009420673
3538,0.009204056
3539,0.009027493
3540,0.008915534
3541,0.00890894
3542,0.008927941
3543,0.008881138
3544,0.007935935
3545,0.007151666
3546,0.007205372
3547,0.007281071
3548,0.007277032
3549,0.007219022
3550,0.007219392
3551,0.00717975
3552,0.007596151
3553,0.007592512
3554,0.007532709
3555,0.007507661
3556,0.007545537
3557,0.007624005
3558,0.007620889
3559,0.00752687
3560,0.007604109
3561,0.007713737
3562,0.007721745
3563,0.007822346
3564,0.007992961
3565,0.008291873
3566,0.009048299
3567,0.009205371
3568,0.009247281
3569,0.009261915
3570,0.009349228
3571,0.009435963
3572,0.009597127
3573,0.0100913
3574,0.01016496
3575,0.01033543
3576,0.01043047
3577,0.01055184
3578,0.01069739
3579,0.01091711
3580,0.0111894
3581,0.009710119
3582,0.009812308
3583,0.01004021
3584,0.009939295
3585,0.01018811
3586,0.01048541
3587,0.01071374
3588,0.01080208
3589,0.01087524
3590,0.01059005
3591,0.0104649
3592,0.01055889
3593,0.01066552
3594,0.01008824
3595,0.01000733
3596,0.009858871
3597,0.009828132
3598,0.009762144
3599,0.009712944
3600,0.009652748
3601,0.009364554
3602,0.009037742
3603,0.008960821
3604,0.008876803
3605,0.008946043
3606,0.009095536
3607,0.008864214
3608,0.00816901
3609,0.007756445
3610,0.0074385
3611,0.007086493
3612,0.006540164
3613,0.006097178
3614,0.005859332
3615,0.006077555
3616,0.006255508
3617,0.006036332
3618,0.006023061
3619,0.005987415
3620,0.00590623
3621,0.005807346
3622,0.005727096
3623,0.005694717
3624,0.005657363
3625,0.005593435
3626,0.005698491
3627,0.006101024
3628,0.006185397
3629,0.006513875
3630,0.006440944
3631,0.006414052
3632,0.006184295
3633,0.005911846
3634,0.005715088
3635,0.005442736
3636,0.005435903
3637,0.005387602
3638,0.005553354
3639,0.005538082
3640,0.005505294
3641,0.005437586
3642,0.005482955
3643,0.005469776
3644,0.005434225
3645,0.005810752
3646,0.005931383
3647,0.006174614
3648,0.006595662
3649,0.006977475
3650,0.007836456
3651,0.007935614
3652,0.00814512
3653,0.008176666
3654,0.008051487
3655,0.007866031
3656,0.007683979
3657,0.007543156
3658,0.007177689
3659,0.007217676
3660,0.007255793
3661,0.006089124
3662,0.006543214
3663,0.00643352
3664,0.006422925
3665,0.00651453
3666,0.006759563
3667,0.006833782
3668,0.007032965
3669,0.007018323
3670,0.007388413
3671,0.007200082
3672,0.007195909
3673,0.007077874
3674,0.007150463
3675,0.007732529
3676,0.007503447
3677,0.007509648
3678,0.007348388
3679,0.007210008
3680,0.007229868
3681,0.007123906
3682,0.007136576
3683,0.007041031
3684,0.007129515
3685,0.007143773
3686,0.007215504
3687,0.007093345
3688,0.007016198
3689,0.007017864
3690,0.007012093
3691,0.007158489
3692,0.007191737
3693,0.007271411
3694,0.007654707
3695,0.008231279
3696,0.008734807
3697,0.008589474
3698,0.008791997
3699,0.00904192
3700,0.009008972
3701,0.0092137
3702,0.00928135
3703,0.009312271
3704,0.009390261
3705,0.009553752
3706,0.009465621
3707,0.009518799
3708,0.01045474
3709,0.01069949
3710,0.01075791
3711,0.01091713
3712,0.0109454
3713,0.01086956
3714,0.006952856
3715,0.006854088
3716,0.006638743
3717,0.006491513
3718,0.006498663
3719,0.005858121
3720,0.005842861
3721,0.00600321
3722,0.005912976
3723,0.005899574
3724,0.00586003
3725,0.00574455
3726,0.005677772
3727,0.005773032
3728,0.0059403
3729,0.006088741
3730,0.006145705
3731,0.005990184
3732,0.005967425
3733,0.005961451
3734,0.006054717
3735,0.006051346
3736,0.006106066
3737,0.005899911
3738,0.005731516
3739,0.005863801
3740,0.005920319
3741,0.006090973
3742,0.006053968
3743,0.006155293
3744,0.006243635
3745,0.005766653
3746,0.005904908
3747,0.005869652
3748,0.005824592
3749,0.005852165
3750,0.005917984
3751,0.005804775
3752,0.005076191
3753,0.005075839
3754,0.005183804
3755,0.005193405
3756,0.005266467
3757,0.005058482
3758,0.005050739
3759,0.004741578
3760,0.005076183
3761,0.004738482
3762,0.004778599
3763,0.004662704
3764,0.004879227
3765,0.004958855
3766,0.005150262
3767,0.005537521
3768,0.00592066
3769,0.005607699
3770,0.005587238
3771,0.005607732
3772,0.005785901
3773,0.006093014
3774,0.006088446
3775,0.006109994
3776,0.006315387
3777,0.006300833
3778,0.006092766
3779,0.006109493
3780,0.005829219
3781,0.006146245
3782,0.006112441
3783,0.006111241
3784,0.006069921
3785,0.006149189
3786,0.006090343
3787,0.006161686
3788,0.006391094
3789,0.006424981
3790,0.006488603
3791,0.006628094
3792,0.006293022
3793,0.006586144
3794,0.006814676
3795,0.006877766
3796,0.007069885
3797,0.007494618
3798,0.007885208
3799,0.008319337
3800,0.008465564
3801,0.008538352
3802,0.008976853
3803,0.009544592
3804,0.01022066
3805,0.01096602
3806,0.01137239
3807,0.01030725
3808,0.01014437
3809,0.0106711
3810,0.01099869
3811,0.01138138
3812,0.0115848
3813,0.01172186
3814,0.01179359
3815,0.01158851
3816,0.01171472
3817,0.0118689
3818,0.0120502
3819,0.01218707
3820,0.01218852
3821,0.0123981
3822,0.01220232
3823,0.01231031
3824,0.01234638
3825,0.01223168
3826,0.01231534
3827,0.01240601
3828,0.01237149
3829,0.01284612
3830,0.01299147
3831,0.01302058
3832,0.01284467
3833,0.01281204
3834,0.01287377
3835,0.0128264
3836,0.01322728
3837,0.01332335
3838,0.01344873
3839,0.01334944
3840,0.01341519
3841,0.01342938
3842,0.01341947
3843,0.01337971
3844,0.0133537
3845,0.01335081
3846,0.0134096
3847,0.01355804
3848,0.01364439
3849,0.01356166
3850,0.01370674
3851,0.01373321
3852,0.01375702
3853,0.01377754
3854,0.0139263
3855,0.01349067
3856,0.01336971
3857,0.01326693
3858,0.0128249
3859,0.0127947
3860,0.01287472
3861,0.01291697
3862,0.01295416
3863,0.01305138
3864,0.01306919
3865,0.01301928
3866,0.01314869
3867,0.01319166
3868,0.01328984
3869,0.01327967
3870,0.01329891
3871,0.01323939
3872,0.01349471
3873,0.01357025
3874,0.01351037
3875,0.01352618
3876,0.01354517
3877,0.013627
3878,0.01370088
3879,0.0136143
3880,0.0136198
3881,0.01359743
3882,0.01337144
3883,0.01329336
3884,0.01325101
3885,0.01315694
3886,0.01308292
3887,0.01307772
3888,0.01316867
3889,0.01299211
3890,0.01314138
3891,0.01324973
3892,0.01333809
3893,0.01326462
3894,0.01353392
3895,0.01345346
3896,0.01319405
3897,0.0130781
3898,0.012945
3899,0.01299377
3900,0.01293235
3901,0.01298032
3902,0.01288244
3903,0.01275307
3904,0.01278546
3905,0.01294113
3906,0.01273634
3907,0.01241902
3908,0.01188139
3909,0.01183106
3910,0.01176021
3911,0.01155607
3912,0.01118402
3913,0.01106813
3914,0.01087546
3915,0.0107848
3916,0.01068752
3917,0.01052552
3918,0.01050926
3919,0.01042993
3920,0.01030272
3921,0.01017505
3922,0.01019741
3923,0.01010087
3924,0.01010493
3925,0.01012058
3926,0.0104268
3927,0.010307
3928,0.01027948
3929,0.01024103
3930,0.01027727
3931,0.01038865
3932,0.0104581
3933,0.01040997
3934,0.01035694
3935,0.01035026
3936,0.009920358
3937,0.009983199
3938,0.009958643
3939,0.0100298
3940,0.009951053
3941,0.009969327
3942,0.009981684
3943,0.009895605
3944,0.009904432
3945,0.009977953
3946,0.00984834
3947,0.009765167
3948,0.009864938
3949,0.0097148
3950,0.009805984
3951,0.009780305
3952,0.009715029
3953,0.009731644
3954,0.009758784
3955,0.00985082
3956,0.009897513
3957,0.009830297
3958,0.009799704
3959,0.009857723
3960,0.009921321
3961,0.01000499
3962,0.01008928
3963,0.0101169
3964,0.01011329
3965,0.01021998
3966,0.01031909
3967,0.01070909
3968,0.0108751
3969,0.0109544
3970,0.01119761
3971,0.01125814
3972,0.01135638
3973,0.01153999
3974,0.01167506
3975,0.01174583
3976,0.01187891
3977,0.01185883
3978,0.01185942
3979,0.0117934
3980,0.0121174
3981,0.01205222
3982,0.01198044
3983,0.01196837
3984,0.01187266
3985,0.011877
3986,0.01187478
3987,0.01202149
3988,0.01195531
3989,0.01196376
3990,0.01178286
3991,0.01175546
3992,0.01182578
3993,0.01195087
3994,0.01201002
3995,0.01200213
3996,0.01202286
3997,0.01207279
3998,0.01212577
3999,0.01212278
4000,0.01205964
4001,0.01233233
4002,0.01218004
4003,0.01227473
4004,0.01225461
4005,0.01221256
4006,0.01230367
4007,0.01233174
4008,0.01251326
4009,0.01243111
4010,0.0124594
4011,0.01250311
4012,0.01259285
4013,0.01272385
4014,0.01285217
4015,0.01312172
4016,0.01338029
4017,0.01345729
4018,0.01346274
4019,0.01358268
4020,0.01375674
4021,0.01385411
4022,0.01392066
4023,0.01407896
4024,0.01405141
4025,0.01408036
4026,0.0141676
4027,0.01429165
4028,0.01431775
4029,0.01399698
4030,0.01408827
4031,0.01412829
4032,0.01426543
4033,0.01445101
4034,0.01449787
4035,0.01464941
4036,0.01464168
4037,0.01469281
4038,0.01482922
4039,0.01492892
4040,0.01494147
4041,0.01509273
4042,0.0150829
4043,0.01491632
4044,0.01492205
4045,0.01491111
4046,0.01500855
4047,0.01501556
4048,0.01502133
4049,0.01507099
4050,0.01503037
4051,0.01497018
4052,0.01500193
4053,0.01486214
4054,0.0147823
4055,0.0147448
4056,0.01462889
4057,0.01399722
4058,0.01389076
4059,0.01376814
4060,0.01354951
4061,0.01356215
4062,0.0134898
4063,0.01344147
4064,0.01327314
4065,0.01328598
4066,0.01325174
4067,0.01315638
4068,0.01309179
4069,0.01257923
4070,0.0125786
4071,0.01227119
4072,0.01213088
4073,0.01207691
4074,0.01198092
4075,0.01191135
4076,0.01178453
4077,0.01158785
4078,0.009723273
4079,0.009402939
4080,0.009329714
4081,0.009412362
4082,0.009418519
4083,0.009343999
4084,0.009367712
4085,0.009058098
4086,0.009036303
4087,0.009090472
4088,0.009157208
4089,0.00923577
4090,0.009231243
4091,0.009118233
4092,0.009095343
4093,0.009159764
4094,0.008968049
4095,0.008742278
4096,0.008606523
4097,0.008591165
4098,0.008546968
4099,0.008757546
4100,0.008826857
4101,0.009138081
4102,0.009295453
4103,0.00915049
4104,0.0089169
4105,0.008984884
4106,0.009007437
4107,0.008832909
4108,0.008529645
4109,0.008321209
4110,0.008032217
4111,0.007612116
4112,0.007361623
4113,0.007206069
4114,0.007119943
4115,0.006968272
4116,0.006872352
4117,0.006662751
4118,0.006504798
4119,0.006516228
4120,0.006359465
4121,0.006431771
4122,0.006470125
4123,0.006464475
4124,0.006544591
4125,0.006558252
4126,0.006546605
4127,0.006608442
4128,0.006430436
4129,0.006372071
4130,0.006439956
4131,0.006487347
4132,0.00671901
4133,0.00637175
4134,0.006282251
4135,0.006235649
4136,0.006180159
4137,0.006192258
4138,0.006238345
4139,0.006128601
4140,0.006186198
4141,0.006163045
4142,0.006309487
4143,0.006231556
4144,0.00620123
4145,0.006187909
4146,0.006211057
4147,0.006234378
4148,0.006315348
4149,0.006298407
4150,0.006288265
4151,0.006329753
4152,0.006269225
4153,0.006267222
4154,0.006253704
4155,0.006302002
4156,0.006027178
4157,0.006019691
4158,0.005915903
4159,0.005867636
4160,0.005831686
4161,0.005955763
4162,0.006224804
4163,0.006520624
4164,0.006673351
4165,0.006734054
4166,0.006647849
4167,0.006753994
4168,0.006737197
4169,0.006621663
4170,0.006535281
4171,0.006466573
4172,0.006453732
4173,0.006408409
4174,0.006349406
4175,0.00637586
4176,0.00617185
4177,0.005875402
4178,0.005781243
4179,0.005870005
4180,0.005639673
4181,0.005557297
4182,0.005593691
4183,0.005374422
4184,0.00537463
4185,0.005521183
4186,0.005481228
4187,0.005468898
4188,0.005371872
4189,0.005431504
4190,0.005389707
4191,0.005542562
4192,0.005549645
4193,0.005428984
4194,0.005316134
4195,0.005210673
4196,0.005269092
4197,0.005173733
4198,0.005187486
4199,0.005205134
4200,0.005136389
4201,0.005116045
4202,0.00519977
4203,0.005304527
4204,0.005325862
4205,0.005202115
4206,0.005232373
4207,0.005227303
4208,0.005164003
4209,0.005132314
4210,0.005174601
4211,0.005270676
4212,0.005569083
4213,0.005611344
4214,0.00545753
4215,0.005485037
4216,0.005468387
4217,0.005351925
4218,0.005358699
4219,0.005650268
4220,0.005494996
4221,0.005421127
4222,0.005441506
4223,0.005341023
4224,0.005285679
4225,0.005186372
4226,0.005455253
4227,0.005370716
4228,0.005504844
4229,0.005640872
4230,0.005637038
4231,0.005676292
4232,0.005595486
4233,0.005685701
4234,0.00563341
4235,0.005576312
4236,0.005529868
4237,0.005443087
4238,0.005258623
4239,0.004878463
4240,0.004827833
4241,0.004765757
4242,0.004591468
4243,0.004573474
4244,0.004636789
4245,0.004622754
4246,0.004552225
4247,0.004552164
4248,0.004583846
4249,0.004706676
4250,0.004801928
4251,0.004860437
4252,0.004953932
4253,0.00500021
4254,0.004895657
4255,0.004988419
4256,0.004982664
4257,0.004983523
4258,0.005082362
4259,0.00501583
4260,0.005031101
4261,0.00508249
4262,0.005191536
4263,0.005205317
4264,0.005292531
4265,0.005617222
4266,0.005701879
4267,0.005825106
4268,0.005886235
4269,0.005978958
4270,0.006005246
4271,0.005835108
4272,0.005941098
4273,0.006041272
4274,0.006206383
4275,0.006376598
4276,0.006446064
4277,0.00645492
4278,0.006491293
4279,0.006512829
4280,0.006708909
4281,0.006886847
4282,0.006928222
4283,0.006893505
4284,0.006959818
4285,0.007188341
4286,0.007066329
4287,0.007002373
4288,0.006966761
4289,0.007065012
4290,0.00723615
4291,0.007315001
4292,0.007423002
4293,0.007467223
4294,0.007575781
4295,0.007674368
4296,0.007930847
4297,0.008340266
4298,0.00861739
4299,0.008556346
4300,0.008526715
4301,0.008630121
4302,0.008765566
4303,0.008863207
4304,0.008986061
4305,0.009046461
4306,0.009360134
4307,0.009307812
4308,0.009277931
4309,0.009328905
4310,0.009323618
4311,0.009355615
4312,0.009436594
4313,0.009462676
4314,0.009496693
4315,0.009611155
4316,0.009742073
4317,0.009789256
4318,0.009883402
4319,0.009905863
4320,0.01015436
4321,0.01031064
4322,0.01027207
4323,0.0104527
4324,0.01039888
4325,0.01027864
4326,0.01015343
4327,0.01020225
4328,0.008295299
4329,0.00814806
4330,0.008069951
4331,0.007992736
4332,0.007834942
4333,0.007787435
4334,0.0078153
4335,0.007874101
4336,0.007877698
4337,0.007862177
4338,0.007918606
4339,0.00794452
4340,0.007976532
4341,0.008057116
4342,0.008056159
4343,0.008035047
4344,0.008085743
4345,0.008133199
4346,0.008246505
4347,0.008248266
4348,0.008116942
4349,0.008016135
4350,0.008015367
4351,0.008000095
4352,0.008020352
4353,0.007979183
4354,0.007919753
4355,0.008295334
4356,0.008299137
4357,0.008255524
4358,0.008123182
4359,0.008094541
4360,0.008150451
4361,0.008078533
4362,0.008000042
4363,0.007973764
4364,0.007926149
4365,0.007847087
4366,0.007795969
4367,0.007724144
4368,0.007693604
4369,0.007740318
4370,0.007801125
4371,0.007790161
4372,0.007835594
4373,0.007902178
4374,0.007916535
4375,0.007873632
4376,0.007818025
4377,0.007843587
4378,0.007817281
4379,0.007799659
4380,0.007769498
4381,0.007796536
4382,0.007829574
4383,0.007758368
4384,0.007745646
4385,0.007827173
4386,0.007903743
4387,0.008016088
4388,0.008121532
4389,0.008157432
4390,0.00833106
4391,0.008321604
4392,0.008392797
4393,0.008368746
4394,0.008353237
4395,0.00833872
4396,0.008314827
4397,0.008217355
4398,0.008149869
4399,0.008109719
4400,0.008102471
4401,0.008103255
4402,0.008144895
4403,0.008130229
4404,0.008096461
4405,0.008121833
4406,0.00809514
4407,0.008116803
4408,0.008173776
4409,0.008137663
4410,0.008227431
4411,0.00814514
4412,0.008180533
4413,0.008067384
4414,0.00804381
4415,0.007981794
4416,0.007939263
4417,0.007935262
4418,0.007774726
4419,0.007775264
4420,0.007760988
4421,0.007776241
4422,0.007778103
4423,0.007820497
4424,0.007848171
4425,0.007870465
4426,0.008039154
4427,0.00807299
4428,0.008192398
4429,0.008347457
4430,0.008574213
4431,0.008662064
4432,0.00915999
4433,0.009208845
4434,0.009225605
4435,0.009304195
4436,0.009295478
4437,0.009539579
4438,0.009688869
4439,0.01019586
4440,0.01022062
4441,0.01022184
4442,0.01025871
4443,0.01031615
4444,0.01044513
4445,0.0105035
4446,0.01067317
4447,0.01071084
4448,0.01072394
4449,0.01059257
4450,0.01044257
4451,0.01034088
4452,0.01018946
4453,0.01057368
4454,0.01044269
4455,0.01043028
4456,0.01033259
4457,0.009889092
4458,0.009790641
4459,0.01000836
4460,0.01044035
4461,0.01048758
4462,0.01045703
4463,0.01041255
4464,0.01033216
4465,0.01031112
4466,0.0104366
4467,0.01079445
4468,0.0108365
4469,0.008532398
4470,0.008344023
4471,0.008269621
4472,0.008165698
4473,0.008323257
4474,0.009934045
4475,0.009842616
4476,0.009782604
4477,0.009724868
4478,0.009804046
4479,0.009899072
4480,0.009630382
4481,0.009926852
4482,0.009910464
4483,0.009917959
4484,0.009913692
4485,0.009881541
4486,0.009969438
4487,0.00998228
4488,0.01000108
4489,0.01003399
4490,0.01006849
4491,0.01016637
4492,0.01035679
4493,0.01055159
4494,0.01085799
4495,0.01074013
4496,0.01077742
4497,0.01091711
4498,0.01085538
4499,0.01092593
4500,0.01096623
4501,0.01103664
4502,0.01096144
4503,0.0109539
4504,0.01103381
4505,0.01117069
4506,0.01123616
4507,0.01127596
4508,0.01155527
4509,0.01104002
4510,0.01089804
4511,0.01085247
4512,0.01060317
4513,0.01051876
4514,0.01030505
4515,0.01016952
4516,0.009482812
4517,0.009421893
4518,0.009417208
4519,0.009359282
4520,0.009384764
4521,0.009236937
4522,0.009151571
4523,0.008922648
4524,0.008839668
4525,0.008703703
4526,0.008538234
4527,0.008431175
4528,0.0082707
4529,0.008276979
4530,0.008083964
4531,0.007944481
4532,0.007881388
4533,0.007662654
4534,0.007587823
4535,0.007572745
4536,0.007341447
4537,0.007339302
4538,0.007551963
4539,0.007645151
4540,0.007752022
4541,0.008083503
4542,0.008287158
4543,0.008314594
4544,0.008245275
4545,0.008833636
4546,0.008853489
4547,0.008848825
4548,0.008884617
4549,0.009042669
4550,0.009122336
4551,0.009249959
4552,0.009393039
4553,0.009546882
4554,0.00963567
4555,0.009634535
4556,0.009734964
4557,0.009768679
4558,0.009655019
4559,0.009767176
4560,0.009806845
4561,0.009864639
4562,0.009724012
4563,0.009733955
4564,0.009775154
4565,0.0105499
4566,0.01079972
4567,0.01096263
4568,0.01118171
4569,0.01095618
4570,0.01095473
4571,0.01069215
4572,0.01093321
4573,0.01067391
4574,0.01055688
4575,0.0104599
4576,0.01049874
4577,0.01060827
4578,0.0109698
4579,0.01131295
4580,0.01167594
4581,0.01184177
4582,0.01231732
4583,0.01301998
4584,0.01220287
4585,0.01221151
4586,0.01239802
4587,0.01262804
4588,0.01272919
4589,0.01272222
4590,0.01254069
4591,0.01287691
4592,0.01271018
4593,0.01278931
4594,0.01273986
4595,0.01273448
4596,0.01275172
4597,0.01279422
4598,0.01253652
4599,0.01250929
4600,0.01249219
4601,0.01270853
4602,0.01253084
4603,0.01237012
4604,0.01246197
4605,0.01260133
4606,0.01262038
4607,0.01258323
4608,0.01261439
4609,0.01269623
4610,0.01263292
4611,0.01251936
4612,0.01245783
4613,0.012387
4614,0.0123465
4615,0.01243199
4616,0.01249149
4617,0.01247545
4618,0.01235152
4619,0.0124434
4620,0.01244262
4621,0.01242445
4622,0.01243568
4623,0.01244769
4624,0.01243378
4625,0.01248467
4626,0.01242634
4627,0.01251134
4628,0.01229239
4629,0.01230874
4630,0.0122165
4631,0.01220073
4632,0.01220684
4633,0.01221874
4634,0.01225348
4635,0.01229019
4636,0.01229793
4637,0.01234113
4638,0.01243651
4639,0.01243752
4640,0.01245363
4641,0.01251946
4642,0.01251842
4643,0.01249376
4644,0.01250852
4645,0.01247458
4646,0.01253932
4647,0.0125475
4648,0.01264473
