Frame,Variance
0,0.002376132
1,0.002298201
2,0.001896869
3,0.001062514
4,0.001048568
5,0.001086536
6,0.001217186
7,0.001086969
8,0.001023475
9,0.001044021
10,0.0009956601
11,0.001000219
12,0.001018162
13,0.0009930398
14,0.001381014
15,0.00136203
16,0.001243248
17,0.001220509
18,0.001194829
19,0.001157372
20,0.001154377
21,0.001206213
22,0.001196544
23,0.001158637
24,0.00113179
25,0.001160725
26,0.00154746
27,0.001513641
28,0.001530518
29,0.001484712
30,0.00156347
31,0.001213736
32,0.001074495
33,0.001035578
34,0.001030506
35,0.0006585181
36,0.0006683728
37,0.0006990173
38,0.0006098534
39,0.0006665765
40,0.0007382176
41,0.000754553
42,0.0007714621
43,0.0006784705
44,0.0006456321
45,0.0007128323
46,0.0007387712
47,0.0007334378
48,0.0006531288
49,0.0004758245
50,0.000490392
51,0.0005276902
52,0.0005520209
53,0.0006408743
54,0.0006946389
55,0.0007027079
56,0.0007674629
57,0.0007735713
58,0.0007659828
59,0.0007421785
60,0.0007618316
61,0.0007064869
62,0.0007490588
63,0.001214055
64,0.001101029
65,0.001152493
66,0.001120618
67,0.001091841
68,0.001054131
69,0.001121904
70,0.001327364
71,0.001228285
72,0.001428104
73,0.001413185
74,0.001520583
75,0.0009332001
76,0.001312006
77,0.001460729
78,0.001492089
79,0.001425643
80,0.001467395
81,0.001412601
82,0.0009767781
83,0.00106138
84,0.0008598622
85,0.0008610383
86,0.0008892089
87,0.0006643831
88,0.0006788289
89,0.0007679792
90,0.000757793
91,0.0008628418
92,0.000809775
93,0.0007843961
94,0.0008278957
95,0.0008444073
96,0.0008473857
97,0.0008383379
98,0.0007251629
99,0.0006630379
100,0.0007929731
101,0.0007774729
102,0.0007993445
103,0.0008473774
104,0.0008191222
105,0.0009633083
106,0.0009563432
107,0.0009290749
108,0.0009535605
109,0.0009238352
110,0.0009102677
111,0.0008250801
112,0.0008979381
113,0.0009204923
114,0.0009132491
115,0.0009598672
116,0.0008785712
117,0.000873536
118,0.0008798499
119,0.0009389328
120,0.0009352803
121,0.000964259
122,0.0009611342
123,0.001029922
124,0.001001209
125,0.001014044
126,0.0009853268
127,0.0009955821
128,0.00089119
129,0.0008282321
130,0.0008948212
131,0.0009825658
132,0.001037933
133,0.0009329788
134,0.0009280026
135,0.0009258648
136,0.001001291
137,0.0008727344
138,0.0008367788
139,0.0007816528
140,0.001113802
141,0.0008132159
142,0.0007353479
143,0.0009718882
144,0.0008181746
145,0.0008244317
146,0.0008069106
147,0.0007978101
148,0.0009291769
149,0.0008154943
150,0.00071426
151,0.000688179
152,0.0005036974
153,0.0005089382
154,0.0005784596
155,0.0005537525
156,0.0003670891
157,0.0003564112
158,0.0003039963
159,0.0002582336
160,0.0002599719
161,0.0002737519
162,0.0008948919
163,0.0006849166
164,0.0005913743
165,0.000440098
166,0.0003623978
167,0.0003018117
168,0.0003234455
169,0.0003075156
170,0.0003093717
171,0.000339712
172,0.0003755201
173,0.0003756324
174,0.0003694043
175,0.0002918539
176,0.0002919305
177,0.0002913394
178,0.0003070096
179,0.0003424702
180,0.0003685468
181,0.0003992674
182,0.0003403295
183,0.0005055391
184,0.0003491285
185,0.000347683
186,0.0003284076
187,0.0003449768
188,0.0003486881
189,0.0003587843
190,0.0003291981
191,0.0003226845
192,0.0003248216
193,0.0006895266
194,0.0005974164
195,0.0005261433
196,0.0003794533
197,0.0003918386
198,0.0003888997
199,0.0003894299
200,0.0004057177
201,0.0003847846
202,0.0003970861
203,0.0003225993
204,0.0003226735
205,0.0002985917
206,0.0004679427
207,0.0004365054
208,0.0004000482
209,0.000363805
210,0.0002583887
211,0.000194339
212,0.0002648027
213,0.0002055279
214,0.0002383464
215,0.0002104879
216,0.0002486702
217,0.0002357566
218,0.0001809832
219,0.0001852953
220,0.0001938248
221,0.0002157493
222,0.000202535
223,0.0001901127
224,0.0001836343
225,0.0001781935
226,0.0001778204
227,0.0001736098
228,0.0001661651
229,0.0001675907
230,0.000184962
231,0.0006192608
232,0.0006352305
233,0.0006748026
234,0.0006694734
235,0.0006707448
236,0.0006691595
237,0.0005709475
238,0.0005112235
239,0.0004982626
240,0.0004245756
241,0.0004151454
242,0.0003876924
243,0.0004121783
244,0.000411988
245,0.0006559641
246,0.0006486807
247,0.0004802079
248,0.0004883716
249,0.0004213667
250,0.0004237417
251,0.000444423
252,0.0004425788
253,0.0004546253
254,0.0004312831
255,0.0004071386
256,0.0004031572
257,0.0003655313
258,0.0003611556
259,0.0003687805
260,0.0003760197
261,0.000362426
262,0.0003494334
263,0.000344081
264,0.0003619375
265,0.000360756
266,0.0004637661
267,0.0004726603
268,0.0004812484
269,0.0004666018
270,0.0004346474
271,0.0004463225
272,0.000433126
273,0.0004986433
274,0.0004898792
275,0.0004842492
276,0.0005039673
277,0.000521791
278,0.0005176403
279,0.0005222336
280,0.0004599346
281,0.0004682267
282,0.0004685973
283,0.000441404
284,0.0004330486
285,0.0004226075
286,0.0004075915
287,0.0003608605
288,0.0003655835
289,0.0003417106
290,0.0003317731
291,0.0003506917
292,0.0003830894
293,0.0003856141
294,0.0004284503
295,0.000412507
296,0.0004072361
297,0.0004037833
298,0.0004174679
299,0.0004793377
300,0.0004288161
301,0.0004229483
302,0.0003300794
303,0.0003183776
304,0.0003249695
305,0.0001899551
306,0.0002638249
307,0.0002614822
308,0.0002648446
309,0.0003515242
310,0.0004581755
311,0.0004341875
312,0.0003137552
313,0.0003421457
314,0.0004105695
315,0.0004108841
316,0.0004400173
317,0.000451443
318,0.0005805817
319,0.0003754789
320,0.0003870644
321,0.0004153621
322,0.0004803638
323,0.0005181529
324,0.0005642156
325,0.0005676299
326,0.0004013834
327,0.0003598084
328,0.0003739108
329,0.0003947704
330,0.0004661712
331,0.0004272174
332,0.0003965144
333,0.0003060907
334,0.0003393985
335,0.0003281492
336,0.000311948
337,0.0003095061
338,0.0003024824
339,0.0003213647
340,0.0002159015
341,0.0002040113
342,0.0001962879
343,0.0001950196
344,0.0001989118
345,0.0001888229
346,0.0002072552
347,0.00016864
348,0.0001553823
349,0.0001476819
350,0.0001356055
351,0.0001503308
352,0.0001654052
353,0.0001670685
354,0.0001589498
355,0.0001672299
356,0.0001798853
357,0.0001796827
358,0.00019424
359,0.0002377838
360,0.000241338
361,0.0002498161
362,0.0002238811
363,0.000224905
364,0.0002276296
365,0.0002420233
366,0.0002437067
367,0.0002702787
368,0.0002472002
369,0.0002502868
370,0.0002659528
371,0.0002555138
372,0.0002630668
373,0.0002589569
374,0.0002581862
375,0.0002562073
376,0.0002293922
377,0.0002312973
378,0.0002296727
379,0.0002353486
380,0.0002676519
381,0.0002619711
382,0.0003199888
383,0.0003030043
384,0.0003029372
385,0.0003091215
386,0.0003137825
387,0.0003109144
388,0.0003452361
389,0.0004716966
390,0.0004776112
391,0.0006541353
392,0.0006916801
393,0.0003848003
394,0.0003612437
395,0.0003553026
396,0.0004945173
397,0.0004967454
398,0.0004720726
399,0.0004772231
400,0.0004673559
401,0.0004861576
402,0.0004747254
403,0.0004475788
404,0.0003325675
405,0.0003303796
406,0.0003321911
407,0.0003443947
408,0.0003609703
409,0.000375187
410,0.0003597741
411,0.0003630579
412,0.0003406717
413,0.0003320607
414,0.0003306803
415,0.0003275345
416,0.0003328306
417,0.0003530149
418,0.0003646089
419,0.0003519992
420,0.0003542682
421,0.0003566488
422,0.0003416402
423,0.000338258
424,0.0003890973
425,0.0004659842
426,0.0004313539
427,0.0004071834
428,0.0004492414
429,0.0004458768
430,0.0004517802
431,0.0005208954
432,0.0004863291
433,0.0005302024
434,0.0004653248
435,0.0004945724
436,0.0005411758
437,0.0004967084
438,0.0006142718
439,0.0006287875
440,0.0005830824
441,0.0005966628
442,0.0005882881
443,0.0005732602
444,0.0005556585
445,0.0007530713
446,0.0007822706
447,0.0007683959
448,0.0008370038
449,0.000810388
450,0.0007259881
451,0.0007718832
452,0.0007928986
453,0.0008175218
454,0.0008236908
455,0.0008444855
456,0.0008617255
457,0.000875766
458,0.0008760914
459,0.0009209041
460,0.0008769687
461,0.0009097103
462,0.0009806304
463,0.0009560296
464,0.0009379593
465,0.0009745691
466,0.0008765336
467,0.0009500129
468,0.0009248949
469,0.0009082078
470,0.0008674663
471,0.0009052924
472,0.0008021144
473,0.0005681399
474,0.0005924283
475,0.0006071256
476,0.0006089311
477,0.0006149306
478,0.0006092738
479,0.0006401188
480,0.0006720521
481,0.0006736494
482,0.0006821053
483,0.0006660339
484,0.0006938372
485,0.0006842323
486,0.000659149
487,0.0006795775
488,0.0006596968
489,0.00069593
490,0.0006563969
491,0.0006994162
492,0.0006617852
493,0.000682653
494,0.0007363349
495,0.0007239105
496,0.0007425838
497,0.0007486684
498,0.0007314205
499,0.0007423558
500,0.0007314343
501,0.0007137393
502,0.000713575
503,0.0007406287
504,0.0007990118
505,0.0007401767
506,0.0007768233
507,0.0007801615
508,0.0007496876
509,0.0007200639
510,0.0006956029
511,0.0006939798
512,0.0006993387
513,0.0006644593
514,0.0006418657
515,0.0006083705
516,0.0006100747
517,0.0005720083
518,0.0007139528
519,0.0007156113
520,0.0006968573
521,0.0006657836
522,0.0007129396
523,0.0006099037
524,0.000568286
525,0.0005826988
526,0.0005904311
527,0.0005479742
528,0.0004811916
529,0.000547578
530,0.0005627224
531,0.0005347574
532,0.0005577283
533,0.0005622065
534,0.0005473685
535,0.0005289845
536,0.0006719098
537,0.0006761166
538,0.0007503133
539,0.0007326512
540,0.0007358097
541,0.0007296439
542,0.0008126581
543,0.0008883883
544,0.0009110307
545,0.0009171342
546,0.0009395257
547,0.0009135934
548,0.0008843253
549,0.0008778446
550,0.0008692442
551,0.0008334322
552,0.0008590531
553,0.0009014512
554,0.0009356772
555,0.0008904597
556,0.0009331563
557,0.001031908
558,0.001077653
559,0.00115006
560,0.001158604
561,0.001174392
562,0.001235636
563,0.001329134
564,0.001124759
565,0.001188692
566,0.0009908953
567,0.0009993209
568,0.001041273
569,0.001069651
570,0.001057667
571,0.0009606065
572,0.001000573
573,0.0009959507
574,0.0009791782
575,0.0009687044
576,0.0009488642
577,0.0009634559
578,0.0009062666
579,0.0009071145
580,0.0009086347
581,0.0009189554
582,0.0009167228
583,0.000884071
584,0.0009232996
585,0.0008618559
586,0.0008788886
587,0.0008409629
588,0.0008366169
589,0.0008349735
590,0.0008833647
591,0.0008485653
592,0.0009276698
593,0.0009697134
594,0.0009565275
595,0.0009113561
596,0.0009839073
597,0.0009656355
598,0.0009886802
599,0.0009676141
600,0.0009689666
601,0.0008618935
602,0.0007550722
603,0.0007230183
604,0.0007158579
605,0.0007468444
606,0.0008285707
607,0.0005451432
608,0.0005748569
609,0.0006801932
610,0.0007013848
611,0.0006223951
612,0.0006826987
613,0.0007191832
614,0.0008181324
615,0.0008198215
616,0.0008800473
617,0.0009696705
618,0.0009771984
619,0.00102131
620,0.001024603
621,0.001090976
622,0.001284889
623,0.001244928
624,0.001349519
625,0.001323954
626,0.001436704
627,0.001507784
628,0.001565707
629,0.001566159
630,0.001430479
631,0.001628597
632,0.001616696
633,0.001658902
634,0.001661612
635,0.001655453
636,0.001630497
637,0.001593949
638,0.002522176
639,0.001690255
640,0.001440022
641,0.001353297
642,0.001373076
643,0.001350768
644,0.001422003
645,0.001416579
646,0.001412744
647,0.001381914
648,0.001436105
649,0.001496183
650,0.001462087
651,0.001449603
652,0.001684623
653,0.001581251
654,0.001563902
655,0.001576677
656,0.001246328
657,0.001232815
658,0.00126823
659,0.001017855
660,0.0009742108
661,0.0010033
662,0.001055651
663,0.0009433345
664,0.0009365482
665,0.000978291
666,0.001026659
667,0.001048375
668,0.001068614
669,0.001044955
670,0.001056736
671,0.001082422
672,0.001019086
673,0.001092693
674,0.001078146
675,0.001100844
676,0.001106335
677,0.001266853
678,0.001308437
679,0.001918146
680,0.002048428
681,0.00208927
682,0.001796427
683,0.001792119
684,0.001818046
685,0.001825825
686,0.001928193
687,0.002181436
688,0.002234414
689,0.002173217
690,0.002178343
691,0.002149755
692,0.002278829
693,0.002330322
694,0.001775681
695,0.001840394
696,0.001808473
697,0.001867301
698,0.00179805
699,0.001809325
700,0.001722589
701,0.001342985
702,0.001340934
703,0.001281125
704,0.001292424
705,0.001200384
706,0.001097616
707,0.001041366
708,0.0009532125
709,0.0009425416
710,0.000955391
711,0.0009812688
712,0.0009635836
713,0.0009512072
714,0.0009338684
715,0.0009132744
716,0.0008958508
717,0.0008510957
718,0.000842969
719,0.0008534272
720,0.0007749171
721,0.0007706723
722,0.0007095095
723,0.0006820087
724,0.0006521571
725,0.0006328521
726,0.0006225328
727,0.0006240064
728,0.0006054479
729,0.0006208978
730,0.0006442381
731,0.0007145698
732,0.0007492697
733,0.0007501077
734,0.0007311162
735,0.0007648604
736,0.0007207994
737,0.0007005185
738,0.0007118658
739,0.0007283635
740,0.0007166375
741,0.0007074884
742,0.0007238184
743,0.0006439287
744,0.0006361854
745,0.0006762755
746,0.0007586405
747,0.0006928533
748,0.0006585964
749,0.0006215177
750,0.0005972598
751,0.0005929388
752,0.0005985383
753,0.0005613984
754,0.0005134055
755,0.0005073496
756,0.0004677764
757,0.0004042168
758,0.0004017061
759,0.0003618708
760,0.0003734613
761,0.0004141216
762,0.0004857606
763,0.0004953297
764,0.0003803053
765,0.0003673839
766,0.0003813251
767,0.0004108438
768,0.0004242472
769,0.0004006052
770,0.0004029934
771,0.000342801
772,0.0003297629
773,0.0003137447
774,0.0003760274
775,0.0003296812
776,0.0003097905
777,0.0003041082
778,0.000234205
779,0.0002152641
780,0.0002013667
781,0.0001972495
782,0.0001935661
783,0.0002424052
784,0.0002882415
785,0.0002432555
786,0.0003229633
787,0.0003850461
788,0.0004964182
789,0.0006501153
790,0.0006727002
791,0.0008509437
792,0.0008213924
793,0.0005033197
794,0.0005243069
795,0.0004998347
796,0.0005063096
797,0.000501018
798,0.0005737985
799,0.0005522851
800,0.0004802722
801,0.0005122142
802,0.0004788841
803,0.0004512811
804,0.0005062865
805,0.0005612647
806,0.0007272763
807,0.0006226647
808,0.0006289025
809,0.0006560838
810,0.0006238447
811,0.0006690879
812,0.0006559127
813,0.0006551362
814,0.0006196569
815,0.0006229714
816,0.0006218998
817,0.0006132249
818,0.0006117703
819,0.0006636826
820,0.0007830061
821,0.000802638
822,0.0008221287
823,0.0008759538
824,0.0009420005
825,0.001036534
826,0.0009825178
827,0.0009989644
828,0.001029348
829,0.001070086
830,0.001105171
831,0.001100026
832,0.001023675
833,0.001052941
834,0.001162972
835,0.001080933
836,0.001135465
837,0.001197999
838,0.001266183
839,0.001270475
840,0.001250065
841,0.001389628
842,0.001361167
843,0.00132348
844,0.001310091
845,0.001380949
846,0.001067494
847,0.0009105775
848,0.001527352
849,0.001549229
850,0.001381929
851,0.001523061
852,0.001017399
853,0.001022087
854,0.001056998
855,0.001229455
856,0.001175448
857,0.00129022
858,0.001320887
859,0.00136599
860,0.001377552
861,0.001309438
862,0.00129333
863,0.001343401
864,0.001532731
865,0.00167608
866,0.001841599
867,0.001709545
868,0.001776755
869,0.001812736
870,0.001864292
871,0.00192344
872,0.001716384
873,0.00178262
874,0.001815671
875,0.001487243
876,0.001533077
877,0.001446258
878,0.002185566
879,0.001533151
880,0.001633119
881,0.001555228
882,0.001671866
883,0.001671365
884,0.00180189
885,0.001743577
886,0.003459492
887,0.001736931
888,0.001856814
889,0.001868673
890,0.002124693
891,0.001717423
892,0.001488472
893,0.001534123
894,0.00142226
895,0.002036352
896,0.001648443
897,0.001284866
898,0.001464915
899,0.001468125
900,0.001361472
901,0.001491445
902,0.0014148
903,0.00158591
904,0.00167523
905,0.001656767
906,0.00170964
907,0.001776405
908,0.001973813
909,0.001742076
910,0.00103242
911,0.001753243
912,0.001876672
913,0.001921615
914,0.001687894
915,0.001447915
916,0.001257264
917,0.001537671
918,0.001014546
919,0.00106507
920,0.001624755
921,0.001553601
922,0.002004597
923,0.001812731
924,0.001945551
925,0.001997765
926,0.001590206
927,0.001643564
928,0.001599971
929,0.002389905
930,0.002429978
931,0.0029787
932,0.002634833
933,0.00227276
934,0.001109151
935,0.001191515
936,0.001466044
937,0.00139489
938,0.00140399
939,0.001370779
940,0.001706592
941,0.001637938
942,0.001728913
943,0.001917606
944,0.001405351
945,0.001572079
946,0.001499725
947,0.001418753
948,0.001562728
949,0.001531924
950,0.00152986
951,0.001552818
952,0.001622046
953,0.001612978
954,0.001610758
955,0.001716303
956,0.001800232
957,0.0018027
958,0.001577726
959,0.002122479
960,0.002045314
961,0.001957359
962,0.001833347
963,0.001763638
964,0.001687356
965,0.001814018
966,0.001678385
967,0.001748972
968,0.001633109
969,0.001549654
970,0.001394821
971,0.001010565
972,0.00112813
973,0.001206556
974,0.002631431
975,0.001264608
976,0.001317972
977,0.00112288
978,0.0008143028
979,0.0008687801
980,0.0007470336
981,0.0007598079
982,0.0007162958
983,0.000764001
984,0.0007336449
985,0.0006995159
986,0.0006938551
987,0.0007891107
988,0.0007124511
989,0.0007320066
990,0.0007310949
991,0.0006394932
992,0.001682201
993,0.0008979464
994,0.0006739806
995,0.0006400963
996,0.0005330833
997,0.0005790215
998,0.0006215915
999,0.0006229933
1000,0.0006587963
1001,0.0006570965
1002,0.0006619734
1003,0.000648852
1004,0.0006565382
1005,0.0006596157
1006,0.0005951455
1007,0.0006191002
1008,0.000655895
1009,0.0006720469
1010,0.0006396888
1011,0.0005700741
1012,0.0006236033
1013,0.0006411827
1014,0.0006714293
1015,0.0005477535
1016,0.0007571498
1017,0.0007625052
1018,0.0007301007
1019,0.0006846302
1020,0.0007125691
1021,0.0007153548
1022,0.0006674352
1023,0.0006407612
1024,0.0007513626
1025,0.0006594363
1026,0.0006411682
1027,0.002305014
1028,0.002343431
1029,0.002214167
1030,0.002197099
1031,0.002601991
1032,0.00297782
1033,0.003257729
1034,0.002145614
1035,0.00227554
1036,0.002041365
1037,0.002362891
1038,0.001319839
1039,0.001177645
1040,0.001277149
1041,0.001711095
1042,0.001635468
1043,0.001571986
1044,0.001620288
1045,0.001650588
1046,0.001533721
1047,0.001633493
1048,0.002260017
1049,0.002272472
1050,0.002046793
1051,0.001995189
1052,0.002323222
1053,0.002548157
1054,0.003480545
1055,0.002302159
1056,0.002349174
1057,0.002889178
1058,0.002517662
1059,0.004452291
1060,0.002529782
1061,0.002287827
1062,0.00195403
1063,0.002014786
1064,0.002078321
1065,0.002042008
1066,0.001858694
1067,0.002009841
1068,0.002117542
1069,0.002503224
1070,0.002694489
1071,0.002742639
1072,0.002702686
1073,0.002680673
1074,0.002653588
1075,0.002827188
1076,0.002528743
1077,0.002562382
1078,0.002572301
1079,0.002556676
1080,0.002839966
1081,0.002894927
1082,0.0030654
1083,0.003060484
1084,0.003068024
1085,0.003180577
1086,0.00301368
1087,0.002824103
1088,0.003102855
1089,0.003254298
1090,0.003044257
1091,0.002952364
1092,0.003281695
1093,0.003305286
1094,0.003187358
1095,0.003214523
1096,0.003175527
1097,0.003435524
1098,0.003548805
1099,0.004289889
1100,0.003699144
1101,0.004020047
1102,0.00379931
1103,0.00353113
1104,0.003230805
1105,0.003076924
1106,0.003077494
1107,0.002848073
1108,0.003385141
1109,0.003337958
1110,0.003349001
1111,0.00302505
1112,0.002541879
1113,0.002384404
1114,0.002633136
1115,0.002859538
1116,0.002547077
1117,0.00283731
1118,0.002922008
1119,0.002716601
1120,0.002910216
1121,0.002769463
1122,0.002672989
1123,0.002827478
1124,0.003161775
1125,0.002846641
1126,0.002883637
1127,0.002885643
1128,0.003056471
1129,0.002930317
1130,0.003418729
1131,0.00328163
1132,0.00343909
1133,0.003552991
1134,0.003643094
1135,0.003589192
1136,0.003627426
1137,0.003575007
1138,0.003408437
1139,0.003291959
1140,0.003202963
1141,0.00335349
1142,0.003737008
1143,0.003297103
1144,0.003241384
1145,0.003262175
1146,0.0029704
1147,0.003022654
1148,0.0030775
1149,0.002939933
1150,0.002703975
1151,0.002547804
1152,0.002517497
1153,0.002792804
1154,0.002698497
1155,0.002579817
1156,0.00262358
1157,0.002353265
1158,0.002439561
1159,0.002518534
1160,0.002569095
1161,0.002421642
1162,0.002218207
1163,0.002355675
1164,0.00231885
1165,0.002229458
1166,0.002179911
1167,0.002118727
1168,0.001829345
1169,0.00174312
1170,0.001910555
1171,0.00220507
1172,0.001952076
1173,0.001915909
1174,0.001906606
1175,0.001870375
1176,0.001758217
1177,0.001649768
1178,0.001636913
1179,0.001724586
1180,0.001696649
1181,0.00159399
1182,0.001637436
1183,0.001640106
1184,0.001572815
1185,0.001651065
1186,0.001652186
1187,0.00178957
1188,0.001946065
1189,0.001935548
1190,0.001941444
1191,0.001976032
1192,0.001651633
1193,0.001798515
1194,0.002156454
1195,0.00209194
1196,0.002112452
1197,0.00214162
1198,0.002049426
1199,0.001951329
1200,0.002025991
1201,0.002059592
1202,0.001937134
1203,0.001819981
1204,0.001897646
1205,0.002013777
1206,0.001947587
1207,0.001985727
1208,0.001767737
1209,0.001714175
1210,0.001440055
1211,0.001032882
1212,0.001154742
1213,0.0009826042
1214,0.0009005758
1215,0.0008675344
1216,0.001166018
1217,0.001122705
1218,0.001252302
1219,0.001242751
1220,0.0006647469
1221,0.0005634406
1222,0.0009067801
1223,0.0009558169
1224,0.000867517
1225,0.001076702
1226,0.0008756702
1227,0.002849916
1228,0.0009919342
1229,0.001085193
1230,0.001534373
1231,0.001156858
1232,0.001586706
1233,0.001221311
1234,0.0005882446
1235,0.0006814989
1236,0.0004903101
1237,0.0005327965
1238,0.0006550696
1239,0.0005525715
1240,0.0009733631
1241,0.0006777003
1242,0.0006987223
1243,0.001187676
1244,0.001295611
1245,0.001385386
1246,0.001270399
1247,0.00138794
1248,0.001095945
1249,0.001064699
1250,0.00117155
1251,0.001245879
1252,0.0009918844
1253,0.001700187
1254,0.001831262
1255,0.003167894
1256,0.002977105
1257,0.001870939
1258,0.002258263
1259,0.003260622
1260,0.002202384
1261,0.002019365
1262,0.001635038
1263,0.001429601
1264,0.00108005
1265,0.0006647112
1266,0.00080372
1267,0.0007184989
1268,0.0005637149
1269,0.0005008935
1270,0.0005364455
1271,0.0005350971
1272,0.0006116544
1273,0.0006368728
1274,0.0006880179
1275,0.0008860071
1276,0.0004509725
1277,0.0004261007
1278,0.0004635635
1279,0.0008341202
1280,0.0008166907
1281,0.0006454134
1282,0.001536084
1283,0.001059998
1284,0.000579668
1285,0.0004946942
1286,0.0007005935
1287,0.0006682504
1288,0.0006502092
1289,0.0006397201
1290,0.0007125437
1291,0.0002450939
1292,0.0002819103
1293,0.0002352192
1294,0.0003344149
1295,0.0003435728
1296,0.0003226936
1297,0.0003915071
1298,0.0003147091
1299,0.0005588115
1300,0.0003046803
1301,0.0004712281
1302,0.0002681335
1303,0.0003677675
1304,0.0002907919
1305,0.0002892285
1306,0.0002838884
1307,0.0002732875
1308,0.0002165106
1309,0.0002591686
1310,0.000225178
1311,0.0002217417
1312,0.0002284934
1313,0.0002433553
1314,0.0002588687
1315,0.0002561394
1316,0.0003184074
1317,0.0003190629
1318,0.0003388818
1319,0.0003848432
1320,0.0003872356
1321,0.000425578
1322,0.0004614169
1323,0.0004689848
1324,0.0005527036
1325,0.0006943855
1326,0.0007143149
1327,0.0006846776
1328,0.0006765401
1329,0.000916343
1330,0.0009590535
1331,0.0009614425
1332,0.001262416
1333,0.001311846
1334,0.001363518
1335,0.00128306
1336,0.0011668
1337,0.001159359
1338,0.001175094
1339,0.001088492
1340,0.0009736753
1341,0.0008890082
1342,0.0008413512
1343,0.0008453639
1344,0.0007322818
1345,0.0007782292
1346,0.0009495195
1347,0.001087175
1348,0.00103311
1349,0.001001739
1350,0.001026418
1351,0.001004308
1352,0.0008140596
1353,0.001091078
1354,0.001121449
1355,0.001070872
1356,0.001117297
1357,0.001187938
1358,0.001120386
1359,0.001041777
1360,0.00109352
1361,0.001160415
1362,0.001132087
1363,0.001264282
1364,0.001220029
1365,0.001453773
1366,0.001224328
1367,0.001482132
1368,0.001481445
1369,0.001295082
1370,0.001486043
1371,0.001417502
1372,0.001425303
1373,0.001414084
1374,0.001281396
1375,0.0009467291
1376,0.0008928298
1377,0.0009178118
1378,0.0009178562
1379,0.0009662865
1380,0.0009792622
1381,0.001048277
1382,0.001100781
1383,0.001088482
1384,0.001170786
1385,0.001055616
1386,0.001103869
1387,0.00113244
1388,0.000913678
1389,0.0009462056
1390,0.0009859374
1391,0.0009597935
1392,0.0009742987
1393,0.0009826549
1394,0.0008851172
1395,0.0009590132
1396,0.001006766
1397,0.0009813143
1398,0.001029668
1399,0.001003852
1400,0.0009883457
1401,0.0009527077
1402,0.001030748
1403,0.001062537
1404,0.001043549
1405,0.001045001
1406,0.001014831
1407,0.001054823
1408,0.00104092
1409,0.0009677705
1410,0.001049325
1411,0.0008951369
1412,0.0008987825
1413,0.0009869757
1414,0.0009717041
1415,0.000978746
1416,0.000907006
1417,0.0009239106
1418,0.000884112
1419,0.000951874
1420,0.0009412278
1421,0.000925966
1422,0.0008819932
1423,0.0009149617
1424,0.001003987
1425,0.0009767307
1426,0.0009832208
1427,0.0009708327
1428,0.001023762
1429,0.000984791
1430,0.0008004361
1431,0.0007593138
1432,0.0007291861
1433,0.0007188294
1434,0.0007844787
1435,0.0007239743
1436,0.0007240373
1437,0.0008560565
1438,0.0008666055
1439,0.0009326703
1440,0.001085919
1441,0.001872765
1442,0.001472308
1443,0.001904773
1444,0.001917228
1445,0.001618693
1446,0.001622192
1447,0.001285939
1448,0.001283727
1449,0.001400628
1450,0.001351819
1451,0.001687284
1452,0.0004914214
1453,0.0005488657
1454,0.0005240689
1455,0.0004868935
1456,0.0005614698
1457,0.0005444486
1458,0.0006966761
1459,0.0010473
1460,0.001038135
1461,0.0009215627
1462,0.001099651
1463,0.00116291
1464,0.001379779
1465,0.001970216
1466,0.002566201
1467,0.002599319
1468,0.002220119
1469,0.001997384
1470,0.00187297
1471,0.001525405
1472,0.001447585
1473,0.0008536289
1474,0.0005607248
1475,0.0007430718
1476,0.000651264
1477,0.0005300616
1478,0.0005491985
1479,0.0004829168
1480,0.0004064919
1481,0.0005187169
1482,0.000559488
1483,0.0007210261
1484,0.0007257171
1485,0.001105378
1486,0.001144253
1487,0.001071614
1488,0.0009387996
1489,0.001034687
1490,0.001061662
1491,0.001126431
1492,0.001195455
1493,0.001143105
1494,0.001207867
1495,0.00137356
1496,0.001412671
1497,0.001332225
1498,0.001439356
1499,0.001233193
1500,0.001126513
1501,0.001192153
1502,0.001457278
1503,0.001730019
1504,0.001691002
1505,0.00220756
1506,0.002349889
1507,0.00222172
1508,0.002479517
1509,0.003028049
1510,0.003677487
1511,0.002203207
1512,0.002152551
1513,0.00197708
1514,0.001313579
1515,0.00105294
1516,0.001058585
1517,0.001061249
1518,0.0009885137
1519,0.001089457
1520,0.001097275
1521,0.0009878025
1522,0.001213636
1523,0.001373154
1524,0.001683241
1525,0.001044168
1526,0.0006886225
1527,0.0009056716
1528,0.0008359669
1529,0.00128857
1530,0.001789491
1531,0.0009227101
1532,0.001634043
1533,0.001911847
1534,0.001223815
1535,0.001303353
1536,0.001388622
1537,0.001465836
1538,0.001436468
1539,0.001012516
1540,0.00101838
1541,0.001230229
1542,0.001178636
1543,0.001188876
1544,0.00133529
1545,0.0009757717
1546,0.0006785735
1547,0.0007973735
1548,0.000823411
1549,0.0009679631
1550,0.0006822682
1551,0.0006336285
1552,0.0006964362
1553,0.001004505
1554,0.00111793
1555,0.0008957533
1556,0.0007310394
1557,0.001009044
1558,0.001426341
1559,0.001264507
1560,0.001717188
1561,0.001316638
1562,0.001436124
1563,0.001622849
1564,0.001753488
1565,0.002063978
1566,0.003027677
1567,0.001923424
1568,0.001741257
1569,0.002176021
1570,0.002814062
1571,0.002565027
1572,0.001906257
1573,0.001925542
1574,0.00184375
1575,0.001617974
1576,0.001830826
1577,0.001803063
1578,0.001654061
1579,0.001629646
1580,0.001497873
1581,0.001453161
1582,0.001248046
1583,0.001260291
1584,0.001410162
1585,0.001245901
1586,0.001210779
1587,0.001313413
1588,0.000760718
1589,0.0007992709
1590,0.0008055206
1591,0.0008328877
1592,0.0008736079
1593,0.0011146
1594,0.0009697783
1595,0.0008217557
1596,0.0008669443
1597,0.0009277788
1598,0.0009536081
1599,0.0009192317
1600,0.000795693
1601,0.0009460555
1602,0.001249519
1603,0.001207082
1604,0.001306139
1605,0.0008557778
1606,0.001442176
1607,0.002353829
1608,0.00358884
1609,0.002160018
1610,0.002190978
1611,0.001420577
1612,0.001047586
1613,0.00104841
1614,0.001255183
1615,0.001329837
1616,0.001424715
1617,0.002118822
1618,0.001630058
1619,0.001838448
1620,0.001794861
1621,0.002403964
1622,0.002268653
1623,0.001501712
1624,0.001587809
1625,0.001937133
1626,0.002221243
1627,0.002204233
1628,0.003287706
1629,0.003894906
1630,0.006004375
1631,0.003175153
1632,0.002425097
1633,0.002579381
1634,0.002202746
1635,0.002331685
1636,0.001987112
1637,0.002215895
1638,0.002277877
1639,0.002321331
1640,0.002321346
1641,0.001999684
1642,0.001514644
1643,0.00183091
1644,0.001397751
1645,0.001400949
1646,0.001393134
1647,0.001543865
1648,0.001425093
1649,0.001585639
1650,0.001582635
1651,0.001869483
1652,0.00231829
1653,0.00166818
1654,0.001497191
1655,0.001505307
1656,0.00124079
1657,0.001506942
1658,0.001111712
1659,0.00114946
1660,0.001108705
1661,0.00096553
1662,0.001005415
1663,0.0009664142
1664,0.0008045859
1665,0.000750997
1666,0.0007075037
1667,0.0004894143
1668,0.0004970599
1669,0.0005346496
1670,0.0005741813
1671,0.0005637651
1672,0.0005811203
1673,0.000598325
1674,0.0006103194
1675,0.000613659
1676,0.0006329587
1677,0.000599626
1678,0.0005058536
1679,0.000752479
1680,0.0007192856
1681,0.0006818665
1682,0.000649035
1683,0.0006203926
1684,0.0006505526
1685,0.0007527674
1686,0.0004890432
1687,0.000544033
1688,0.0005723379
1689,0.0006143327
1690,0.0005582792
1691,0.0006294588
1692,0.0006017662
1693,0.0005448955
1694,0.0005174426
1695,0.0007081488
1696,0.000803864
1697,0.0007812022
1698,0.000643602
1699,0.0006379166
1700,0.0005963725
1701,0.0006002949
1702,0.0006806641
1703,0.0006989738
1704,0.000826797
1705,0.0007990041
1706,0.0008527412
1707,0.0007908783
1708,0.0008101055
1709,0.0008809937
1710,0.0008589585
1711,0.0007832237
1712,0.0007991504
1713,0.0007173801
1714,0.0008533105
1715,0.0008491888
1716,0.0008778555
1717,0.0009170706
1718,0.0009315625
1719,0.0009881603
1720,0.0009715975
1721,0.0009209898
1722,0.0009538738
1723,0.00087383
1724,0.0008497061
1725,0.0009813072
1726,0.0009347185
1727,0.001057857
1728,0.001223703
1729,0.001266675
1730,0.001202138
1731,0.001123009
1732,0.001574491
1733,0.001469708
1734,0.001481993
1735,0.001397989
1736,0.00134438
1737,0.001269172
1738,0.001236212
1739,0.001199392
1740,0.001202065
1741,0.001120223
1742,0.001146812
1743,0.001106809
1744,0.001073636
1745,0.001025436
1746,0.001006785
1747,0.0009833438
1748,0.0009338501
1749,0.0008709963
1750,0.0008781148
1751,0.0008874108
1752,0.00091141
1753,0.0008934205
1754,0.0009255235
1755,0.0009260912
1756,0.0009864051
1757,0.0009867426
1758,0.0009982522
1759,0.0009617602
1760,0.0009412194
1761,0.0009428949
1762,0.0009790643
1763,0.0009473395
1764,0.0009426155
1765,0.0009525947
1766,0.0009117802
1767,0.0009252065
1768,0.000932111
1769,0.000932814
1770,0.001077454
1771,0.001090162
1772,0.001054769
1773,0.001065131
1774,0.001134388
1775,0.001137914
1776,0.001067012
1777,0.001341804
1778,0.00120019
1779,0.001207898
1780,0.001050896
1781,0.001521079
1782,0.002103629
1783,0.002294355
1784,0.002342004
1785,0.002339228
1786,0.002686954
1787,0.001371232
1788,0.001184843
1789,0.001148379
1790,0.001162563
1791,0.001283028
1792,0.001277781
1793,0.001227863
1794,0.001246956
1795,0.00127607
1796,0.001258577
1797,0.00122504
1798,0.001235218
1799,0.001260396
1800,0.001214238
1801,0.001272536
1802,0.00125248
1803,0.001308954
1804,0.0009621953
1805,0.001000002
1806,0.0009593492
1807,0.0008947183
1808,0.0008644742
1809,0.0008146295
1810,0.00082567
1811,0.0008346161
1812,0.0007189853
1813,0.0007098391
1814,0.0007456772
1815,0.000702751
1816,0.0007313894
1817,0.0006872711
1818,0.0007651667
1819,0.0007767138
1820,0.0008123687
1821,0.0007713126
1822,0.0008235971
1823,0.0008505456
1824,0.0007597481
1825,0.0008426049
1826,0.00097235
1827,0.001002726
1828,0.00101097
1829,0.0009999593
1830,0.0009026336
1831,0.0006661815
1832,0.0006365642
1833,0.0006388149
1834,0.0006257721
1835,0.0007020938
1836,0.0006661965
1837,0.001090244
1838,0.001017215
1839,0.001161212
1840,0.001101648
1841,0.00125695
1842,0.001243603
1843,0.00118612
1844,0.001318854
1845,0.001306406
1846,0.001187378
1847,0.0009859866
1848,0.0007911217
1849,0.0008858448
1850,0.0008803094
1851,0.001079523
1852,0.001062631
1853,0.001050511
1854,0.0008663706
1855,0.0008399045
1856,0.0008166349
1857,0.0008100568
1858,0.0007659402
1859,0.0007504562
1860,0.0007323754
1861,0.0007337235
1862,0.0007304459
1863,0.0007259104
1864,0.0007499894
1865,0.0007155224
1866,0.0006756114
1867,0.0006527918
1868,0.0006871927
1869,0.0006849624
1870,0.0006520125
1871,0.0006235462
1872,0.0006832585
1873,0.0007721699
1874,0.0006467609
1875,0.0005946108
1876,0.0005035895
1877,0.0005150234
1878,0.0006887745
1879,0.0006888334
1880,0.0006844666
1881,0.0006478905
1882,0.0006205505
1883,0.0006555085
1884,0.0006674782
1885,0.000624992
1886,0.0007965338
1887,0.0008058411
1888,0.0008229599
1889,0.0007864371
1890,0.000829116
1891,0.0008161166
1892,0.0006295415
1893,0.0004565724
1894,0.0004618238
1895,0.00046266
1896,0.0004830191
1897,0.0004716321
1898,0.0007727346
1899,0.0007818515
1900,0.0004773748
1901,0.0004950456
1902,0.0005132356
1903,0.000523182
1904,0.0005657356
1905,0.0005752199
1906,0.0005943324
1907,0.0005407901
1908,0.0005431565
1909,0.0005958935
1910,0.000593532
1911,0.0005824406
1912,0.0006512558
1913,0.0006129132
1914,0.0005732465
1915,0.0005768375
1916,0.0005511442
1917,0.0005841493
1918,0.0005662144
1919,0.000604035
1920,0.0006274742
1921,0.0008188567
1922,0.0007485179
1923,0.0006711147
1924,0.000644088
1925,0.00062982
1926,0.0006229191
1927,0.0006269487
1928,0.0006725463
1929,0.0006918647
1930,0.0006936788
1931,0.0006785921
1932,0.0008005144
1933,0.0006492584
1934,0.0005537812
1935,0.0005791002
1936,0.0006879574
1937,0.0006761664
1938,0.0006563797
1939,0.001233117
1940,0.001061577
1941,0.0005299443
1942,0.0004872562
1943,0.0004902363
1944,0.0004914399
1945,0.0005119712
1946,0.000507378
1947,0.0004640936
1948,0.0004677186
1949,0.0005598326
1950,0.000325629
1951,0.0003488608
1952,0.0003817256
1953,0.0004569541
1954,0.0004943223
1955,0.0004953944
1956,0.0005400729
1957,0.0005371996
1958,0.0005639552
1959,0.0006026749
1960,0.0005763248
1961,0.0006330453
1962,0.0006623082
1963,0.0006835976
1964,0.0006189298
1965,0.0006001966
1966,0.0006095276
1967,0.0005583288
1968,0.0005722931
1969,0.000480135
1970,0.0005404719
1971,0.000531496
1972,0.0004997046
1973,0.0004837787
1974,0.0004644317
1975,0.0005181147
1976,0.0006131529
1977,0.0005472161
1978,0.0005535624
1979,0.0005429587
1980,0.0005185209
1981,0.0005171137
1982,0.0005311153
1983,0.0005705449
1984,0.0006061114
1985,0.0005122615
1986,0.0005038877
1987,0.0005241031
1988,0.0005153926
1989,0.0004518931
1990,0.0004547038
1991,0.0004726206
1992,0.0003756856
1993,0.0003951369
1994,0.0003499976
1995,0.0003459385
1996,0.0003434374
1997,0.0003359712
1998,0.0003334655
1999,0.0003478786
2000,0.0003634155
2001,0.0003582281
2002,0.0003456347
2003,0.0003461061
2004,0.0003563411
2005,0.0003423429
2006,0.000342428
2007,0.0003194327
2008,0.0003114724
2009,0.0003214089
2010,0.0003154911
2011,0.0003132913
2012,0.0003281271
2013,0.000328492
2014,0.0003434905
2015,0.0003436165
2016,0.0003519438
2017,0.0003485497
2018,0.0003639043
2019,0.0003762169
2020,0.0003762543
2021,0.0003593948
2022,0.0003537445
2023,0.0003566718
2024,0.0003640632
2025,0.0003850819
2026,0.0004047545
2027,0.0004092423
2028,0.0003717623
2029,0.0003852714
2030,0.0003722708
2031,0.0004317266
2032,0.0004452992
2033,0.0004490033
2034,0.0004527703
2035,0.0004468
2036,0.0004442898
2037,0.0004359057
2038,0.0004420023
2039,0.0004347507
2040,0.0004420767
2041,0.0004459842
2042,0.0004586813
2043,0.0004565217
2044,0.0004420897
2045,0.0004494272
2046,0.0004625757
2047,0.000452999
2048,0.0004838874
2049,0.000522068
2050,0.0005443064
2051,0.0005661248
2052,0.0005876193
2053,0.0006041062
2054,0.0006321011
2055,0.0006720804
2056,0.001001245
2057,0.001084009
2058,0.001113993
2059,0.001136668
2060,0.001144587
2061,0.0008925897
2062,0.0008406829
2063,0.0006590957
2064,0.0006743544
2065,0.0006231725
2066,0.0005895676
2067,0.0005781818
2068,0.0005794556
2069,0.000614755
2070,0.0005901956
2071,0.0005982025
2072,0.0005970349
2073,0.0005869685
2074,0.0005821309
2075,0.0005743662
2076,0.0005808131
2077,0.000602305
2078,0.0005982213
2079,0.0005943443
2080,0.0005780762
2081,0.0005954998
2082,0.0005853974
2083,0.0005963584
2084,0.0005291947
2085,0.0005360105
2086,0.0005409593
2087,0.0005615275
2088,0.0005726361
2089,0.0005585271
2090,0.0005661707
2091,0.0005144486
2092,0.0005241933
2093,0.0005251357
2094,0.0005400028
2095,0.0005279304
2096,0.00053061
2097,0.000526802
2098,0.0006354022
2099,0.000669824
2100,0.0006617609
2101,0.0006423073
2102,0.0006047726
2103,0.0005803304
2104,0.0005685273
2105,0.0005426254
2106,0.0005227336
2107,0.0005117338
2108,0.0005661731
2109,0.0006371713
2110,0.0006629169
2111,0.0006895518
2112,0.0006994609
2113,0.0007003212
2114,0.0007318413
2115,0.000770197
2116,0.0008228886
2117,0.0008715703
2118,0.0008833506
2119,0.0009192232
2120,0.0008774537
2121,0.0008653054
2122,0.00081837
2123,0.0008259832
2124,0.0007709703
2125,0.0006512978
2126,0.0006762692
2127,0.0006163889
2128,0.000643021
2129,0.0006511012
2130,0.0006958882
2131,0.0006101478
2132,0.0005963574
2133,0.0005972892
2134,0.0005899303
2135,0.000632041
2136,0.0006399053
2137,0.0006159868
2138,0.0006274382
2139,0.0005037928
2140,0.0005295963
2141,0.0005404574
2142,0.000734987
2143,0.0006614589
2144,0.0006097262
2145,0.0006571664
2146,0.0006352822
2147,0.0006371362
2148,0.0006270997
2149,0.0006216042
2150,0.0006383036
2151,0.0006433823
2152,0.0006657275
2153,0.0005744491
2154,0.0005451444
2155,0.0005518848
2156,0.0006119233
2157,0.0005837763
2158,0.0005926194
2159,0.0005898297
2160,0.0005909246
2161,0.000610003
2162,0.000604638
2163,0.0007721125
2164,0.0007638959
2165,0.0007839264
2166,0.0007517748
2167,0.0007855205
2168,0.000793634
2169,0.0008062542
2170,0.001009767
2171,0.0009612078
2172,0.0009995705
2173,0.001004072
2174,0.001047349
2175,0.001032438
2176,0.001037814
2177,0.001176889
2178,0.001150188
2179,0.001151447
2180,0.001135919
2181,0.001142996
2182,0.001106712
2183,0.001097285
2184,0.00125273
2185,0.001255542
2186,0.0009783547
2187,0.001024829
2188,0.001017535
2189,0.001021759
2190,0.001016987
2191,0.0008726071
2192,0.0008528766
2193,0.0008608826
2194,0.000867189
2195,0.0008815702
2196,0.0008816006
2197,0.0009006046
2198,0.001005634
2199,0.0009652611
2200,0.0009677904
2201,0.0009824298
2202,0.0009920142
2203,0.0009798434
2204,0.0009715222
2205,0.001023321
2206,0.0007706913
2207,0.0007265744
2208,0.0006792098
2209,0.0006181994
2210,0.0006367439
2211,0.0006100152
2212,0.0006591384
2213,0.0006109332
2214,0.0005739596
2215,0.0005493318
2216,0.0005302557
2217,0.0005348371
2218,0.0005038469
2219,0.0005033609
2220,0.0005106279
2221,0.0005375512
2222,0.0005392177
2223,0.0006226951
2224,0.0006079748
2225,0.0007747841
2226,0.0007505988
2227,0.0006721437
2228,0.0006029937
2229,0.000516712
2230,0.0005293664
2231,0.0005072927
2232,0.0004604735
2233,0.000458248
2234,0.0004484135
2235,0.0005070569
2236,0.0004556485
2237,0.0003907293
2238,0.0003648953
2239,0.0003614709
2240,0.00059892
2241,0.0004873009
2242,0.0005952528
2243,0.0005254247
2244,0.0004918694
2245,0.0005085635
2246,0.0004783378
2247,0.0005054246
2248,0.0004773138
2249,0.0004736129
2250,0.0004958835
2251,0.0006823876
2252,0.0007418462
2253,0.0007281743
2254,0.0007931847
2255,0.0008485393
2256,0.000987302
2257,0.0009858839
2258,0.001015668
2259,0.001130236
2260,0.001126762
2261,0.001060788
2262,0.001132641
2263,0.001126748
2264,0.001086882
2265,0.0007300305
2266,0.0006728249
2267,0.0007054881
2268,0.000610367
2269,0.0005185705
2270,0.0005023502
2271,0.0005040682
2272,0.0004798196
2273,0.0004878513
2274,0.0004657179
2275,0.0003222745
2276,0.0003376101
2277,0.0003449065
2278,0.0003509069
2279,0.0003688947
2280,0.0003782161
2281,0.0003982715
2282,0.0003824247
2283,0.0003609321
2284,0.0003644511
2285,0.0003909115
2286,0.0004230821
2287,0.0004237004
2288,0.0004298256
2289,0.0003969129
2290,0.0003895002
2291,0.0003991982
2292,0.0003934847
2293,0.0004493544
2294,0.0004273992
2295,0.0003548923
2296,0.0004088213
2297,0.0004063652
2298,0.0003987644
2299,0.0004085206
2300,0.000400652
2301,0.0003955826
2302,0.0003900254
2303,0.0003596484
2304,0.0003852891
2305,0.0003795048
2306,0.0003469536
2307,0.0003848497
2308,0.0003941995
2309,0.0004491093
2310,0.0005359249
2311,0.0005608139
2312,0.0004980474
2313,0.0005172109
2314,0.0005153951
2315,0.0005266305
2316,0.0005562272
2317,0.0005939947
2318,0.0006440218
2319,0.0006267073
2320,0.0006279419
2321,0.000635597
2322,0.0006212645
2323,0.0005945046
2324,0.0005983568
2325,0.0005703065
2326,0.00055084
2327,0.0006118104
2328,0.0005742227
2329,0.0005553316
2330,0.0005382121
2331,0.0004580299
2332,0.0004468744
2333,0.0004730176
2334,0.0004723248
2335,0.0005273854
2336,0.0005522395
2337,0.0005307056
2338,0.0006178654
2339,0.0006310276
2340,0.0006438922
2341,0.000620848
2342,0.0005813547
2343,0.0005649637
2344,0.0005995227
2345,0.0005659517
2346,0.0005855081
2347,0.0005828923
2348,0.0006988154
2349,0.0006820752
2350,0.0006711396
2351,0.0005754767
2352,0.0005399866
2353,0.0005303895
2354,0.0005164887
2355,0.0007881132
2356,0.0005379726
2357,0.0006467201
2358,0.0006057983
2359,0.0004981909
2360,0.0005417462
2361,0.000649973
2362,0.0006270265
2363,0.0006625124
2364,0.000613465
2365,0.0004619421
2366,0.00102102
2367,0.0006490637
2368,0.0006470966
2369,0.0009951097
2370,0.0009719467
2371,0.001069302
2372,0.001361761
2373,0.001261112
2374,0.0009758366
2375,0.001055927
2376,0.0009550926
2377,0.0009979814
2378,0.0008985074
2379,0.0009598401
2380,0.001003273
2381,0.001054797
2382,0.000977857
2383,0.000852401
2384,0.0008916269
2385,0.0007765488
2386,0.0006437859
2387,0.0008758725
2388,0.0008755915
2389,0.0008815508
2390,0.0008945231
2391,0.001006306
2392,0.0007997555
2393,0.0008520798
2394,0.0007673409
2395,0.0007635425
2396,0.0007638026
2397,0.0008211951
2398,0.0008468241
2399,0.0008939847
2400,0.001035949
2401,0.0008216734
2402,0.0009306874
2403,0.0009381596
2404,0.001127169
2405,0.001011408
2406,0.001171523
2407,0.001383369
2408,0.00131549
2409,0.001210795
2410,0.001261804
2411,0.0009964632
2412,0.0009222471
2413,0.001092272
2414,0.001121817
2415,0.001218093
2416,0.001239163
2417,0.001285236
2418,0.001105445
2419,0.001110776
2420,0.001077405
2421,0.0012459
2422,0.00116253
2423,0.00106081
2424,0.001035673
2425,0.001258017
2426,0.001100818
2427,0.0009711881
2428,0.0009672638
2429,0.00118506
2430,0.001053847
2431,0.001031903
2432,0.001012482
2433,0.001044715
2434,0.001066447
2435,0.001101338
2436,0.001134481
2437,0.001193223
2438,0.001246494
2439,0.001228568
2440,0.001331139
2441,0.001573738
2442,0.001297853
2443,0.001235661
2444,0.001306341
2445,0.001097635
2446,0.001344461
2447,0.001344783
2448,0.00129652
2449,0.001069328
2450,0.001015197
2451,0.001195075
2452,0.001301937
2453,0.00138756
2454,0.00151271
2455,0.001562419
2456,0.00160349
2457,0.001519993
2458,0.001512941
2459,0.001585312
2460,0.001503853
2461,0.001221988
2462,0.001054426
2463,0.0009042844
2464,0.000844616
2465,0.0008882149
2466,0.001007726
2467,0.001008588
2468,0.001058755
2469,0.001047973
2470,0.001089687
2471,0.00104043
2472,0.001026618
2473,0.001085244
2474,0.001215556
2475,0.001003779
2476,0.001061958
2477,0.0008734943
2478,0.00129017
2479,0.001815289
2480,0.001677274
2481,0.001798314
2482,0.001940952
2483,0.001255821
2484,0.002169458
2485,0.001907995
2486,0.001965166
2487,0.002123828
2488,0.002364931
2489,0.002266758
2490,0.002414095
2491,0.001946115
2492,0.001840459
2493,0.001932012
2494,0.00210803
2495,0.002216791
2496,0.002208783
2497,0.002521673
2498,0.002465456
2499,0.002681292
2500,0.002523488
2501,0.002803783
2502,0.002946528
2503,0.0029114
2504,0.002978505
2505,0.003022313
2506,0.003160931
2507,0.003074885
2508,0.003358747
2509,0.003619363
2510,0.003875582
2511,0.003619444
2512,0.003382675
2513,0.003395213
2514,0.004050641
2515,0.004430076
2516,0.004477124
2517,0.003288738
2518,0.00310085
2519,0.002972523
2520,0.002935707
2521,0.002189343
2522,0.002101324
2523,0.001858175
2524,0.002101911
2525,0.002538186
2526,0.0037457
2527,0.003804607
2528,0.003130895
2529,0.003315818
2530,0.003100135
2531,0.002185896
2532,0.002499613
2533,0.002325027
2534,0.003064129
2535,0.002065914
2536,0.002717126
2537,0.003660969
2538,0.003526209
2539,0.003534346
2540,0.003721419
2541,0.003786024
2542,0.003771708
2543,0.002136058
2544,0.002111763
2545,0.002280645
2546,0.002023788
2547,0.001701944
2548,0.001965486
2549,0.001654867
2550,0.001421353
2551,0.00138886
2552,0.001766536
2553,0.001854632
2554,0.001587273
2555,0.001278817
2556,0.001035731
2557,0.001047442
2558,0.000976744
2559,0.001444505
2560,0.001616108
2561,0.001553702
2562,0.001686359
2563,0.001811952
2564,0.002154707
2565,0.00285886
2566,0.003526344
2567,0.002902191
2568,0.004490871
2569,0.001937614
2570,0.002277964
2571,0.002340439
2572,0.001610169
2573,0.001627275
2574,0.00191435
2575,0.002077497
2576,0.001643647
2577,0.001883864
2578,0.002094774
2579,0.002007547
2580,0.00240337
2581,0.001485462
2582,0.001520106
2583,0.001365906
2584,0.001879954
2585,0.002890302
2586,0.002113736
2587,0.001166185
2588,0.001377741
2589,0.001268048
2590,0.002028355
2591,0.00187946
2592,0.003387978
2593,0.001793825
2594,0.001455718
2595,0.001739198
2596,0.001933786
2597,0.00227173
2598,0.00278556
2599,0.002970147
2600,0.001702523
2601,0.0009123078
2602,0.001098162
2603,0.001007063
2604,0.001037783
2605,0.001658158
2606,0.001212706
2607,0.002393784
2608,0.0007279756
2609,0.0007771652
2610,0.00063528
2611,0.0007961564
2612,0.0008761314
2613,0.000784997
2614,0.001266726
2615,0.0009844222
2616,0.001027257
2617,0.00105855
2618,0.0012187
2619,0.001430303
2620,0.001578063
2621,0.001510037
2622,0.001707197
2623,0.002096756
2624,0.002222386
2625,0.002395152
2626,0.002366416
2627,0.00261407
2628,0.001416025
2629,0.00141428
2630,0.001558557
2631,0.001246929
2632,0.0009116349
2633,0.001185965
2634,0.001009729
2635,0.000912106
2636,0.0007820399
2637,0.0009082768
2638,0.0006831216
2639,0.0008058356
2640,0.0006333592
2641,0.0005171852
2642,0.0005443126
2643,0.0005494521
2644,0.000528955
2645,0.000419016
2646,0.0004516615
2647,0.000446577
2648,0.0004432702
2649,0.00042678
2650,0.0005194765
2651,0.0004033188
2652,0.0003856884
2653,0.0003326971
2654,0.0003889877
2655,0.000403806
2656,0.0004401645
2657,0.0003758953
2658,0.0004179674
2659,0.0004268462
2660,0.0005103182
2661,0.0004729618
2662,0.0004505536
2663,0.0003548361
2664,0.0003095902
2665,0.0003362179
2666,0.0003406496
2667,0.0003695899
2668,0.0002659974
2669,0.0002490029
2670,0.0002535681
2671,0.0002329434
2672,0.0002365886
2673,0.0002292021
2674,0.0002366776
2675,0.0002286001
2676,0.000233159
2677,0.0002926006
2678,0.0003191117
2679,0.0003265766
2680,0.0004605264
2681,0.0004394423
2682,0.0004812623
2683,0.0005544145
2684,0.0004918347
2685,0.0004604179
2686,0.0004710757
2687,0.0009154723
2688,0.0006872489
2689,0.0007527225
2690,0.0007762706
2691,0.0008335258
2692,0.0008582628
2693,0.0006815052
2694,0.001004426
2695,0.001180339
2696,0.001177208
2697,0.001122582
2698,0.001255743
2699,0.0008298904
2700,0.001224034
2701,0.0009815927
2702,0.001511067
2703,0.001078535
2704,0.000554985
2705,0.0005705022
2706,0.0005318372
2707,0.0005695305
2708,0.0006913531
2709,0.0006234843
2710,0.0006814716
2711,0.000651276
2712,0.0006094009
2713,0.0006930042
2714,0.00066503
2715,0.0006929727
2716,0.0006715421
2717,0.0007865134
2718,0.0007411336
2719,0.0006295599
2720,0.0006441856
2721,0.0008442813
2722,0.001258724
2723,0.001266174
2724,0.001245356
2725,0.001216316
2726,0.001076066
2727,0.001085162
2728,0.001125953
2729,0.001255022
2730,0.001407865
2731,0.001405044
2732,0.001400459
2733,0.001554232
2734,0.00153275
2735,0.001625655
2736,0.001218896
2737,0.001138838
2738,0.001091583
2739,0.0009478303
2740,0.001095994
2741,0.001109936
2742,0.001021591
2743,0.001538977
2744,0.001928134
2745,0.001048643
2746,0.001693075
2747,0.001281172
2748,0.001837162
2749,0.001784471
2750,0.001896383
2751,0.001788325
2752,0.001901527
2753,0.001516262
2754,0.001021669
2755,0.00133055
2756,0.001334014
2757,0.001088785
2758,0.001275969
2759,0.001701754
2760,0.001642783
2761,0.001697361
2762,0.001845077
2763,0.001449892
2764,0.001525598
2765,0.001798454
2766,0.00248437
2767,0.002611683
2768,0.001387859
2769,0.003023467
2770,0.002709188
2771,0.004335772
2772,0.004922119
2773,0.003218361
2774,0.007135591
2775,0.00510392
2776,0.003292955
2777,0.002759937
2778,0.003039528
2779,0.002386608
2780,0.002060406
2781,0.001146648
2782,0.001186069
2783,0.001207321
2784,0.001055387
2785,0.001009094
2786,0.001190133
2787,0.0005729055
2788,0.0006461237
2789,0.0006445203
2790,0.0007121445
2791,0.0007844619
2792,0.0007535987
2793,0.0008084545
2794,0.0008013119
2795,0.0008524084
2796,0.0008480567
2797,0.0008318728
2798,0.001074318
2799,0.001141324
2800,0.0009781875
2801,0.0006974518
2802,0.0006270325
2803,0.000525416
2804,0.0003776985
2805,0.0003978624
2806,0.0004231544
2807,0.0004455599
2808,0.001161105
2809,0.001102609
2810,0.0004895178
2811,0.001013588
2812,0.001878656
2813,0.001874666
2814,0.005436844
2815,0.01060298
2816,0.01146232
2817,0.008666158
2818,0.005166218
2819,0.004909589
2820,0.005645371
2821,0.005736722
2822,0.006139427
2823,0.001572671
2824,0.0011657
2825,0.001816593
2826,0.001978768
2827,0.001547743
2828,0.001372399
2829,0.0008992799
2830,0.000403841
2831,0.0003030326
2832,0.0001861738
2833,0.0001833887
2834,0.0002750262
2835,0.0001811709
2836,0.0001696123
2837,0.0001100929
2838,0.0001424566
2839,0.000180921
2840,0.0001646364
2841,0.0001851191
2842,0.0001361098
2843,0.0001630036
2844,0.0001453247
2845,0.0001796531
2846,0.0001658838
2847,0.0001658106
2848,0.0001564624
2849,0.0001893257
2850,0.0003372351
2851,0.000390427
2852,0.0006678213
2853,0.000449017
2854,0.0003920593
2855,0.0005141449
2856,0.0005944396
2857,0.0004949809
2858,0.0004975356
2859,0.000569422
2860,0.0004964304
2861,0.0004554569
2862,0.0006914957
2863,0.0007839348
2864,0.0008717009
2865,0.0008995239
2866,0.001416156
2867,0.0009534141
2868,0.0007661743
2869,0.0007590518
2870,0.0007739813
2871,0.0009903092
2872,0.0009551527
2873,0.0009408569
2874,0.0009843411
2875,0.0009492065
2876,0.00107753
2877,0.00102213
2878,0.0004900963
2879,0.000665465
2880,0.0007849357
2881,0.0009484601
2882,0.0009828248
2883,0.0008902528
2884,0.0006613045
2885,0.0007828314
2886,0.0009853975
2887,0.001568
2888,0.00168716
2889,0.002053747
2890,0.002418069
2891,0.001238177
2892,0.0008329719
2893,0.001728468
2894,0.001651086
2895,0.001797676
2896,0.001840806
2897,0.002233333
2898,0.002401233
2899,0.002296187
2900,0.001908662
2901,0.002102103
2902,0.002084278
2903,0.002309579
2904,0.002245975
2905,0.00197985
2906,0.001925949
2907,0.002147581
2908,0.001615175
2909,0.001504377
2910,0.001321991
2911,0.001038601
2912,0.0009975841
2913,0.001124554
2914,0.001009842
2915,0.001217405
2916,0.0008995365
2917,0.0009379648
2918,0.0009623247
2919,0.001008177
2920,0.0007882184
2921,0.0009315161
2922,0.0009603948
2923,0.001004868
2924,0.001197607
2925,0.001330089
2926,0.001339407
2927,0.0009137742
2928,0.001152229
2929,0.001137009
2930,0.001155488
2931,0.001265998
2932,0.001222754
2933,0.001467406
2934,0.001362361
2935,0.001783347
2936,0.00150323
2937,0.002175923
2938,0.001545231
2939,0.001497348
2940,0.001940343
2941,0.001334406
2942,0.001437575
2943,0.001729999
2944,0.001517969
2945,0.001249312
2946,0.00111844
2947,0.001491627
2948,0.001559342
2949,0.002187575
2950,0.002118132
2951,0.002330955
2952,0.002338723
2953,0.002329742
2954,0.001413396
2955,0.001088734
2956,0.0006976169
2957,0.0005683973
2958,0.0005139425
2959,0.0005431361
2960,0.0005846961
2961,0.0008031864
2962,0.0008137574
2963,0.0009718071
2964,0.001142577
2965,0.001229041
2966,0.001379039
2967,0.001389089
2968,0.001711356
2969,0.001336284
2970,0.001294204
2971,0.001342311
2972,0.0008885395
2973,0.001119281
2974,0.001075386
2975,0.00103394
2976,0.001025683
2977,0.001582638
2978,0.001730752
2979,0.001732433
2980,0.001747904
2981,0.001118614
2982,0.00116631
2983,0.001195216
2984,0.001695745
2985,0.001163446
2986,0.0009447082
2987,0.0009524814
2988,0.001032548
2989,0.00117473
2990,0.001167219
2991,0.001467537
2992,0.001287132
2993,0.001064827
2994,0.001177283
2995,0.001351834
2996,0.001175024
2997,0.001243762
2998,0.00179366
2999,0.00168593
3000,0.001497377
3001,0.001928576
3002,0.002044631
3003,0.002057794
3004,0.001924808
3005,0.002840364
3006,0.002300799
3007,0.001199417
3008,0.0009971594
3009,0.001053263
3010,0.0008770515
3011,0.001092603
3012,0.001105262
3013,0.001235943
3014,0.002013472
3015,0.001331225
3016,0.001058789
3017,0.000973034
3018,0.0009965327
3019,0.0008595281
3020,0.0008500747
3021,0.0009316655
3022,0.0009221109
3023,0.0008281425
3024,0.0008050903
3025,0.0007339167
3026,0.0007625903
3027,0.0006922059
3028,0.0006622799
3029,0.0008354097
3030,0.0008849945
3031,0.0007648722
3032,0.0007788121
3033,0.0008362206
3034,0.001085824
3035,0.0008947976
3036,0.001018116
3037,0.0008716541
3038,0.0008349228
3039,0.0006717923
3040,0.0006730981
3041,0.0008120441
3042,0.0007213585
3043,0.0009427321
3044,0.001097333
3045,0.0009497569
3046,0.0008585034
3047,0.0008482551
3048,0.001003513
3049,0.0009118048
3050,0.0005460327
3051,0.0005785599
3052,0.0005320305
3053,0.0005187551
3054,0.0005235296
3055,0.0005300554
3056,0.0005582843
3057,0.0007610134
3058,0.0006093086
3059,0.000570491
3060,0.0005749795
3061,0.0005845593
3062,0.0005604405
3063,0.0005568526
3064,0.0005397723
3065,0.000551398
3066,0.0005139035
3067,0.0004949574
3068,0.0004912902
3069,0.0004960179
3070,0.0004741384
3071,0.0004673517
3072,0.0004729037
3073,0.0004573505
3074,0.0004689439
3075,0.0004680514
3076,0.0004608446
3077,0.0003972808
3078,0.0004232914
3079,0.0003992816
3080,0.0003757485
3081,0.0003587401
3082,0.0003487446
3083,0.0003697644
3084,0.0004496909
3085,0.0003604298
3086,0.0003535501
3087,0.0003488932
3088,0.000354709
3089,0.0003300304
3090,0.0003182605
3091,0.0003410855
3092,0.0002912041
3093,0.0003009077
3094,0.0002975802
3095,0.0002975592
3096,0.0002814644
3097,0.000277875
3098,0.0002832249
3099,0.0003123826
3100,0.0003372847
3101,0.0003387875
3102,0.0003572311
3103,0.0003504824
3104,0.0003540766
3105,0.0003952273
3106,0.0004556311
3107,0.0005271704
3108,0.0004728182
3109,0.0005331445
3110,0.0004861551
3111,0.0004049414
3112,0.0003860224
3113,0.0005540616
3114,0.0004936471
3115,0.000447759
3116,0.000346369
3117,0.0003375922
3118,0.0003112154
3119,0.0002776196
3120,0.000239966
3121,0.0002329879
3122,0.0006156787
3123,0.0003160466
3124,0.000312611
3125,0.0002974203
3126,0.0003082053
3127,0.0003169009
3128,0.0004306505
3129,0.000385421
3130,0.0003665482
3131,0.0003418993
3132,0.0003420874
3133,0.0004112445
3134,0.0003416548
3135,0.0003140502
3136,0.0003065697
3137,0.0003096207
3138,0.0002944049
3139,0.00029894
3140,0.0003226722
3141,0.0002998869
3142,0.0003381337
3143,0.0003419936
3144,0.0003375208
3145,0.0003301493
3146,0.0003370209
3147,0.0003420862
3148,0.000342522
3149,0.0003204814
3150,0.0003151661
3151,0.0003048446
3152,0.0003027248
3153,0.00030648
3154,0.0002878963
3155,0.0002971316
3156,0.0003366588
3157,0.0003041716
3158,0.0003080289
3159,0.0002919075
3160,0.0003093523
3161,0.0003015574
3162,0.0003178038
3163,0.0003381932
3164,0.0003348553
3165,0.0003257064
3166,0.000319465
3167,0.0003178109
3168,0.0003183675
3169,0.0003227579
3170,0.0003230491
3171,0.0003357115
3172,0.0003520368
3173,0.000347624
3174,0.0003083095
3175,0.0002985214
3176,0.0002891685
3177,0.0002981029
3178,0.0003150543
3179,0.0003025552
3180,0.0002778995
3181,0.0002666864
3182,0.0002664191
3183,0.0002626627
3184,0.0002427523
3185,0.0002464466
3186,0.0002453573
3187,0.0002330603
3188,0.0002254411
3189,0.0002189334
3190,0.0002126804
3191,0.0002464937
3192,0.0002488308
3193,0.0002666069
3194,0.0002740586
3195,0.0002933125
3196,0.0002955837
3197,0.0003002977
3198,0.0003093015
3199,0.0002847196
3200,0.0003014626
3201,0.0002955451
3202,0.0003073726
3203,0.0003014248
3204,0.0002864983
3205,0.0003058474
3206,0.0003271482
3207,0.0003357979
3208,0.0003243976
3209,0.0003451893
3210,0.0003491851
3211,0.0003589713
3212,0.0003419636
3213,0.0003267991
3214,0.0002971175
3215,0.0003136086
3216,0.0002759217
3217,0.0002736542
3218,0.0002563079
3219,0.0002105485
3220,0.0002133025
3221,0.0002097849
3222,0.0002082919
3223,0.000237681
3224,0.0002548133
3225,0.0002688868
3226,0.0003002677
3227,0.0003143093
3228,0.0003141794
3229,0.0003093376
3230,0.0003053568
3231,0.0003111028
3232,0.0003194111
3233,0.0003712134
3234,0.0003772714
3235,0.0004065573
3236,0.0003990713
3237,0.0005054999
3238,0.0004979251
3239,0.0004936303
3240,0.0005739811
3241,0.0003776253
3242,0.000401478
3243,0.0003801023
3244,0.0003426562
3245,0.0003288578
3246,0.0003133828
3247,0.0002697076
3248,0.000432774
3249,0.000423462
3250,0.0004026605
3251,0.0004497192
3252,0.0004525101
3253,0.0004345198
3254,0.0003915288
3255,0.000376545
3256,0.0003738186
3257,0.0003744445
3258,0.0004515554
3259,0.0004457758
3260,0.0004683953
3261,0.0005156297
3262,0.0005218015
3263,0.0004918961
3264,0.0004697355
3265,0.0004779915
3266,0.0004865767
3267,0.0004678951
3268,0.0005067341
3269,0.0005223111
3270,0.0005897664
3271,0.0005776907
3272,0.0005698039
3273,0.0006738071
3274,0.0005946957
3275,0.0005759239
3276,0.0005856488
3277,0.0005522454
3278,0.000422598
3279,0.0004564884
3280,0.000372543
3281,0.0003285756
3282,0.0005130735
3283,0.0005127689
3284,0.0003613534
3285,0.0004014602
3286,0.0004384587
3287,0.0002995578
3288,0.0002873483
3289,0.0002649752
3290,0.0002557652
3291,0.0002597439
3292,0.0002611808
3293,0.0002480093
3294,0.0002286393
3295,0.0002221958
3296,0.0002379339
3297,0.0002172456
3298,0.0002156736
3299,0.0002321424
3300,0.0002576951
3301,0.0002591848
3302,0.0002203045
3303,0.0002629095
3304,0.0002623193
3305,0.0002292842
3306,0.000221436
3307,0.0002086909
3308,0.0002063562
3309,0.0002470418
3310,0.0002638297
3311,0.0002775322
3312,0.0002603842
3313,0.00019487
3314,0.0001946154
3315,0.0001986049
3316,0.0002154534
3317,0.0002042397
3318,0.0002210265
3319,0.0002824158
3320,0.0002816327
3321,0.0004419203
3322,0.0004848929
3323,0.0005273134
3324,0.0003948057
3325,0.0003079482
3326,0.0002999573
3327,0.0002948839
3328,0.0002931959
3329,0.0002706965
3330,0.0002949141
3331,0.0003056802
3332,0.0002912516
3333,0.0003106988
3334,0.0003001946
3335,0.0002740971
3336,0.0003058936
3337,0.0003156476
3338,0.0003062995
3339,0.0003185947
3340,0.0003590113
3341,0.0003370142
3342,0.0003467181
3343,0.0003150332
3344,0.000315701
3345,0.0003289029
3346,0.0003005957
3347,0.0002976445
3348,0.0003268748
3349,0.0003414111
3350,0.0003530721
3351,0.0003648374
3352,0.0003277213
3353,0.0003739115
3354,0.0002971413
3355,0.0002096739
3356,0.0002380857
3357,0.000247632
3358,0.0003264128
3359,0.0004026816
3360,0.0003933398
3361,0.0003495986
3362,0.000555532
3363,0.0004555348
3364,0.0004129532
3365,0.0003639701
3366,0.0003968925
3367,0.0003940908
3368,0.0003904481
3369,0.0004309129
3370,0.0003938539
3371,0.0004152726
3372,0.0004339015
3373,0.0004324114
3374,0.0004398194
3375,0.0004486391
3376,0.0005481992
3377,0.0005327663
3378,0.0005467586
3379,0.0005885451
3380,0.0005681972
3381,0.0005733247
3382,0.0005859007
3383,0.0004766326
3384,0.0005204882
3385,0.000487648
3386,0.0004986958
3387,0.0005190847
3388,0.0005275653
3389,0.0005357693
3390,0.0005293716
3391,0.0005192864
3392,0.0005167748
3393,0.0005119356
3394,0.0005003632
3395,0.000551276
3396,0.0005705417
3397,0.0005529748
3398,0.0005730847
3399,0.0005850422
3400,0.0006017005
3401,0.0006025232
3402,0.0006039414
3403,0.0006698716
3404,0.0005422099
3405,0.0005383286
3406,0.0005392976
3407,0.000546035
3408,0.0005451471
3409,0.0005494796
3410,0.000547248
3411,0.0005642118
3412,0.0005653534
3413,0.00055951
3414,0.0005411314
3415,0.0005886635
3416,0.0005668774
3417,0.0005567552
3418,0.0005182168
3419,0.0005065573
3420,0.000505491
3421,0.0004946623
3422,0.0004886034
3423,0.0004682293
3424,0.0004702521
3425,0.00047191
3426,0.0005582343
3427,0.0005562676
3428,0.0005405108
3429,0.0005555371
3430,0.0005491166
3431,0.0005525594
3432,0.0005543245
3433,0.0004907032
3434,0.0004898664
3435,0.0005079
3436,0.000501928
3437,0.0004998455
3438,0.0004938387
3439,0.0004989434
3440,0.0004790317
3441,0.0004820786
3442,0.0004727485
3443,0.0004681346
3444,0.0004708993
3445,0.0004624265
3446,0.0004632057
3447,0.0004764879
3448,0.000506625
3449,0.0005026059
3450,0.0005025637
3451,0.0005062274
3452,0.0005065873
3453,0.0004849893
3454,0.0004900884
3455,0.0004938986
3456,0.0004517281
3457,0.0004561064
3458,0.0004481252
3459,0.0004510372
3460,0.0004580462
3461,0.000480376
3462,0.0004691717
3463,0.0004757315
3464,0.0004980314
3465,0.0004936589
3466,0.0004945238
3467,0.0004761743
3468,0.00048621
3469,0.0004913108
3470,0.0004915423
3471,0.0004809434
3472,0.0004552717
3473,0.0004429566
3474,0.0004289133
3475,0.0004244955
3476,0.0004232478
3477,0.0004075676
3478,0.0003967411
3479,0.0003486603
3480,0.0003486436
3481,0.0003441643
3482,0.0003565093
3483,0.0003564332
3484,0.0003944554
3485,0.0003896397
3486,0.0004251127
3487,0.0004023814
3488,0.0004037614
3489,0.0004255691
3490,0.0004110401
3491,0.0003833171
3492,0.0003982351
3493,0.0004159898
3494,0.0003949805
3495,0.0003658682
3496,0.0003618348
3497,0.0003783922
3498,0.0003452414
3499,0.0003625116
3500,0.0003755537
3501,0.0003930503
3502,0.0004074971
3503,0.0004186178
3504,0.0003730687
3505,0.0003591035
3506,0.0004071592
3507,0.0003271927
3508,0.000356383
3509,0.0003679179
3510,0.0003717914
3511,0.0004014969
3512,0.0003768447
3513,0.0003744034
3514,0.000427601
3515,0.0004369861
3516,0.0004787279
3517,0.0005263845
3518,0.0004402257
3519,0.0004329779
3520,0.0004540119
3521,0.0003711242
3522,0.0004362638
3523,0.0004472359
3524,0.0004698902
3525,0.0004306508
3526,0.0003870028
3527,0.0003995961
3528,0.0004245885
3529,0.0004348555
3530,0.0004735476
3531,0.000429118
3532,0.0004769631
3533,0.0004921593
3534,0.0004788082
3535,0.0004566159
3536,0.0003814673
3537,0.000318497
3538,0.0002726962
3539,0.0003106075
3540,0.0003398464
3541,0.0003095691
3542,0.0004247012
3543,0.000350356
3544,0.0003294368
3545,0.0003021838
3546,0.0002941444
3547,0.0002721847
3548,0.0002780946
3549,0.0003334744
3550,0.0003538278
3551,0.0003540844
3552,0.0003282778
3553,0.0003607391
3554,0.0003510919
3555,0.0003508329
3556,0.0004098708
3557,0.0004057303
3558,0.0004339172
3559,0.0004420352
3560,0.0004737783
3561,0.0005076521
3562,0.0005340888
3563,0.0004975815
3564,0.0004055664
3565,0.0004053879
3566,0.0004075669
3567,0.0003592263
3568,0.0003783782
3569,0.0003686483
3570,0.0004429237
3571,0.0004517779
3572,0.0006195242
3573,0.000621964
3574,0.0005905489
3575,0.0006190235
3576,0.000656483
3577,0.000459227
3578,0.000574108
3579,0.0006467459
3580,0.0006957696
3581,0.000715805
3582,0.0006879466
3583,0.0006319117
3584,0.0006037258
3585,0.0005922858
3586,0.0005881832
3587,0.0005583092
3588,0.0004584505
3589,0.0003855004
3590,0.0004102007
3591,0.0002582189
3592,0.0003004784
3593,0.0003266396
3594,0.0003313913
3595,0.0003632229
3596,0.0003463035
3597,0.000316868
3598,0.0003087349
3599,0.0003072466
3600,0.0002984657
3601,0.0003615946
3602,0.0003688118
3603,0.000461827
3604,0.0004243206
3605,0.0005071058
3606,0.0005265924
3607,0.0006383863
3608,0.0006218217
3609,0.0006088231
3610,0.0006253262
3611,0.0006332922
3612,0.0008214431
3613,0.0008225897
3614,0.0007929101
3615,0.0008501717
3616,0.0009377641
3617,0.0009120123
3618,0.0009391069
3619,0.0009515018
3620,0.0009281397
3621,0.0009910602
3622,0.0007559765
3623,0.0007302709
3624,0.0007784364
3625,0.0007460401
3626,0.0005203526
3627,0.0004828922
3628,0.000498546
3629,0.0005240894
3630,0.0005453166
3631,0.0004978182
3632,0.000764626
3633,0.0007377499
3634,0.0007198333
3635,0.0008260634
3636,0.0008130167
3637,0.0007404865
3638,0.0007103347
3639,0.001055531
3640,0.0008917063
3641,0.0005426479
3642,0.0005547822
3643,0.0004920061
3644,0.0003422773
3645,0.0003380867
3646,0.0003970297
3647,0.000545798
3648,0.0004903272
3649,0.0003639367
3650,0.0003043801
3651,0.0003099359
3652,0.0003111948
3653,0.0003140724
3654,0.0003237371
3655,0.0003202081
3656,0.000291727
3657,0.0004003221
3658,0.0004115422
3659,0.0004656846
3660,0.0001767691
3661,0.0001786469
3662,0.0001726418
3663,0.00018699
3664,0.0001821897
3665,0.0001960326
3666,0.0002591503
3667,0.0003069701
3668,0.0002754856
3669,0.0002778371
3670,0.0003676215
3671,0.0003368507
3672,0.0003733717
3673,0.0003537778
3674,0.0003071661
3675,0.0003124557
3676,0.0002730744
3677,0.000294809
3678,0.000313337
3679,0.0003594531
3680,0.0005649059
3681,0.001267125
3682,0.0009592876
3683,0.002005525
3684,0.00216308
3685,0.002872398
3686,0.003578836
3687,0.004540802
3688,0.008811806
3689,0.009729059
3690,0.01198208
3691,0.01328526
3692,0.01442984
3693,0.01509169
3694,0.01363569
3695,0.001129809
3696,0.0009992247
3697,0.0007478892
3698,0.0007533568
3699,0.0006772016
3700,0.0005857414
3701,0.0005007961
3702,0.0006847251
3703,0.0006069312
3704,0.000687284
3705,0.0008521376
3706,0.0008757241
3707,0.0009687481
3708,0.001027596
3709,0.0009599534
3710,0.000845525
3711,0.0007155966
3712,0.0007834613
3713,0.0006802717
3714,0.0008441635
3715,0.0007336832
3716,0.001005284
3717,0.001089889
3718,0.001406002
3719,0.001445686
3720,0.001127321
3721,0.001473469
3722,0.001723842
3723,0.002841441
3724,0.003321528
3725,0.001055353
3726,0.0008664283
3727,0.0008215446
3728,0.0008645056
3729,0.001169722
3730,0.001373663
3731,0.0008257488
3732,0.0008370482
3733,0.0008477204
3734,0.0009115252
3735,0.0009720533
3736,0.001017115
3737,0.00187917
3738,0.001906551
3739,0.001736231
3740,0.001067925
3741,0.001131719
3742,0.001083618
3743,0.001083406
3744,0.0007652049
3745,0.0007344495
3746,0.0007991116
3747,0.0008611698
3748,0.0009601163
3749,0.0009064542
3750,0.0009012653
3751,0.0007748661
3752,0.0008085731
3753,0.0008072428
3754,0.0008814862
3755,0.0008739438
3756,0.0008336715
3757,0.0008126388
3758,0.0008645252
3759,0.0008584604
3760,0.0008556078
3761,0.000870892
3762,0.0008765386
3763,0.0006409447
3764,0.0007525724
3765,0.0005397249
3766,0.0006218682
3767,0.0006646415
3768,0.0007984172
3769,0.0006257886
3770,0.0009730399
3771,0.0009689588
3772,0.000955272
3773,0.000914407
3774,0.000901848
3775,0.0009366858
3776,0.0009227559
3777,0.0009219892
3778,0.0008880562
3779,0.0009087325
3780,0.0009006812
3781,0.0009399955
3782,0.0008051018
3783,0.0008429234
3784,0.0007912316
3785,0.00071116
3786,0.000648959
3787,0.0006616173
3788,0.0004836304
3789,0.0005653704
3790,0.000534801
3791,0.0005565658
3792,0.0005371203
3793,0.0005446187
3794,0.0005301484
3795,0.0005315102
3796,0.000452666
3797,0.0004569367
3798,0.0004521632
3799,0.0004317386
3800,0.0004392184
3801,0.0004220755
3802,0.0004384643
3803,0.0004547059
3804,0.000464778
3805,0.0003995406
3806,0.0004093073
3807,0.0003859368
3808,0.0003756057
3809,0.0003295739
3810,0.0003735742
3811,0.0003347186
3812,0.0003683447
3813,0.0004085907
3814,0.0004778803
3815,0.0004615273
3816,0.0004508887
3817,0.0004704316
3818,0.0004594268
3819,0.0005141506
3820,0.0005224916
3821,0.0004961112
3822,0.0004926529
3823,0.0005375493
3824,0.0005826093
3825,0.00060962
3826,0.000629698
3827,0.000616857
3828,0.0006612255
3829,0.0007539702
3830,0.0007270449
3831,0.0005781936
3832,0.0005393663
3833,0.0006947385
3834,0.0006845951
3835,0.0008092815
3836,0.0007878017
3837,0.000776149
3838,0.0007851546
3839,0.0008451702
3840,0.0008521729
3841,0.0008720742
3842,0.0007029211
3843,0.0007431578
3844,0.0008567707
3845,0.0007953123
3846,0.0007922598
3847,0.0007551762
3848,0.0007897479
3849,0.0007398904
3850,0.0007865867
3851,0.0007009769
3852,0.0006811572
3853,0.0006224415
3854,0.0006642332
3855,0.0006094085
3856,0.0005694239
3857,0.0004606188
3858,0.0004898349
3859,0.0004300895
3860,0.0004656775
3861,0.0004853302
3862,0.0004121472
3863,0.0004640616
3864,0.0003685883
3865,0.0003751994
3866,0.0003589258
3867,0.0004718328
3868,0.0005304028
3869,0.0006066688
3870,0.0005702456
3871,0.0004832024
3872,0.000550847
3873,0.0005296645
3874,0.0005685517
3875,0.0005367007
3876,0.0005378975
3877,0.0005867013
3878,0.0005727194
3879,0.0006028877
3880,0.0005945012
3881,0.0005283122
3882,0.0005112874
3883,0.0005049719
3884,0.000643755
3885,0.000634293
3886,0.0005900466
3887,0.0006589989
3888,0.0006611645
3889,0.0006665573
3890,0.0005420778
3891,0.0004574856
3892,0.0005313957
3893,0.0005116729
3894,0.0004731436
3895,0.0004335887
3896,0.0005954523
3897,0.0007353122
3898,0.0007250066
3899,0.0007038407
3900,0.0006595023
3901,0.0006788805
3902,0.0007553119
3903,0.0006833175
3904,0.0006724475
3905,0.0006266912
3906,0.0006189844
3907,0.0006226582
3908,0.0005988978
3909,0.0005548855
3910,0.0005476511
3911,0.0006040963
3912,0.0006946694
3913,0.0006602795
3914,0.0007497483
3915,0.0008063347
3916,0.0007794809
3917,0.0007689382
3918,0.0006928935
3919,0.0007505766
3920,0.0007270409
3921,0.0007354812
3922,0.0007084798
3923,0.0007629677
3924,0.000724748
3925,0.0007840664
3926,0.001187542
3927,0.001324302
3928,0.001335464
3929,0.001379663
3930,0.001431857
3931,0.001756954
3932,0.001653814
3933,0.002838804
3934,0.002707219
3935,0.002745841
3936,0.002813828
3937,0.002893584
3938,0.002842523
3939,0.003306081
3940,0.004831379
3941,0.004292722
3942,0.004345467
3943,0.004200455
3944,0.00457339
3945,0.004318312
3946,0.004257231
3947,0.005401051
3948,0.005994159
3949,0.005664504
3950,0.005410046
3951,0.005261804
3952,0.005293741
3953,0.005227126
3954,0.00561768
3955,0.005586221
3956,0.005538017
3957,0.005860745
3958,0.005713222
3959,0.006259364
3960,0.006090893
3961,0.006426236
3962,0.006171165
3963,0.007030477
3964,0.006656198
3965,0.006637221
3966,0.005677317
3967,0.005536181
3968,0.003915076
3969,0.004177842
3970,0.003501454
3971,0.003135037
3972,0.004396841
3973,0.00387576
3974,0.003965432
3975,0.003855761
3976,0.003942844
3977,0.003855749
3978,0.00381149
3979,0.003309017
3980,0.003537696
3981,0.003229909
3982,0.003160181
3983,0.003212745
3984,0.003345419
3985,0.003427173
3986,0.002989622
3987,0.003011195
3988,0.002791256
3989,0.002876113
3990,0.002986329
3991,0.002631777
3992,0.00258157
3993,0.001893368
3994,0.001489547
3995,0.00160941
3996,0.001663267
3997,0.001724715
3998,0.001710785
