Frame,MSE
0,0
1,0.009788554
2,0.02365354
3,0.01275635
4,0.01172896
5,0.01052827
6,0.01031548
7,0.01051558
8,0.0069977
9,0.005275907
10,0.006478531
11,0.005805013
12,0.006749282
13,0.005343621
14,0.005511831
15,0.005871894
16,0.005468194
17,0.004613655
18,0.004236177
19,0.00388845
20,0.003621436
21,0.003720357
22,0.003473357
23,0.003778199
24,0.004365806
25,0.004066729
26,0.003664179
27,0.003744499
28,0.003390862
29,0.003347052
30,0.003417488
31,0.003331476
32,0.00307402
33,0.003182214
34,0.003099735
35,0.003155314
36,0.002628379
37,0.0024057
38,0.002399699
39,0.002601012
40,0.003919043
41,0.004089218
42,0.00408877
43,0.004233058
44,0.003749166
45,0.00390638
46,0.003762296
47,0.003847203
48,0.00391539
49,0.003710942
50,0.003012922
51,0.002782705
52,0.002886449
53,0.002905199
54,0.002688583
55,0.002638127
56,0.002599362
57,0.002440794
58,0.00253187
59,0.002400592
60,0.002357277
61,0.002767449
62,0.00239977
63,0.002589848
64,0.001962207
65,0.001905144
66,0.001653856
67,0.001589419
68,0.001598195
69,0.001630367
70,0.001687658
71,0.001774877
72,0.001764773
73,0.00181274
74,0.001979351
75,0.002063802
76,0.001899399
77,0.001874612
78,0.001705114
79,0.001755157
80,0.00162994
81,0.001845095
82,0.001956436
83,0.001646336
84,0.001726167
85,0.00146796
86,0.001464715
87,0.002334525
88,0.002452239
89,0.001663014
90,0.001363987
91,0.001364073
92,0.001196676
93,0.001251968
94,0.001069023
95,0.001089901
96,0.000961625
97,0.001032571
98,0.0009829832
99,0.001015027
100,0.0009196768
101,0.0009117976
102,0.0009410812
103,0.007313345
104,0.004246281
105,0.004122025
106,0.004321474
107,0.004933526
108,0.004807282
109,0.005340967
110,0.004540762
111,0.004592022
112,0.00475777
113,0.003232603
114,0.003332289
115,0.004310146
116,0.003206593
117,0.00333632
118,0.004283277
119,0.004211279
120,0.004492335
121,0.004217114
122,0.003693463
123,0.002995658
124,0.003168071
125,0.004193843
126,0.004140084
127,0.004137988
128,0.004394987
129,0.004394934
130,0.005041857
131,0.005020109
132,0.005620428
133,0.004837684
134,0.007062304
135,0.005435559
136,0.005277419
137,0.005716037
138,0.005414563
139,0.00736895
140,0.007117849
141,0.007592841
142,0.009234019
143,0.008897619
144,0.006000693
145,0.005640869
146,0.005051334
147,0.005270159
148,0.005443877
149,0.006958907
150,0.006027689
151,0.005429947
152,0.004840368
153,0.006666795
154,0.006150491
155,0.008068245
156,0.009606361
157,0.007563295
158,0.007032766
159,0.005940829
160,0.007428087
161,0.00598584
162,0.005990465
163,0.006280466
164,0.005433434
165,0.005868543
166,0.006863274
167,0.00517613
168,0.005159951
169,0.005319856
170,0.005529388
171,0.00514171
172,0.005144781
173,0.005839403
174,0.005197968
175,0.005552747
176,0.005458785
177,0.005424057
178,0.005328961
179,0.005425557
180,0.005049912
181,0.004665766
182,0.003821982
183,0.003851533
184,0.003734224
185,0.003966785
186,0.00376601
187,0.003760216
188,0.003930479
189,0.003764439
190,0.003528017
191,0.003883241
192,0.003383349
193,0.003205024
194,0.003052334
195,0.003187731
196,0.003234282
197,0.002967113
198,0.00317539
199,0.003461754
200,0.002835415
201,0.002348753
202,0.002148535
203,0.001978705
204,0.001911166
205,0.001768242
206,0.00169713
207,0.00164301
208,0.001635995
209,0.001729758
210,0.00182201
211,0.001772349
212,0.00189215
213,0.00201448
214,0.002150518
215,0.001791206
216,0.001902909
217,0.001950881
218,0.002537754
219,0.002534096
220,0.002608211
221,0.002625128
222,0.002807191
223,0.002811457
224,0.00269117
225,0.002793663
226,0.002790547
227,0.002849936
228,0.002811152
229,0.003116437
230,0.003234269
231,0.003090143
232,0.003255837
233,0.003654724
234,0.003749053
235,0.0034998
236,0.003441482
237,0.003434365
238,0.003332527
239,0.004478395
240,0.00440593
241,0.004237541
242,0.004153608
243,0.004193744
244,0.004244467
245,0.004279311
246,0.003708762
247,0.003293621
248,0.003680369
249,0.004241212
250,0.004177155
251,0.0036521
252,0.003197278
253,0.002595568
254,0.002490235
255,0.002294315
256,0.002566249
257,0.002132481
258,0.002066343
259,0.002197726
260,0.002262792
261,0.002062353
262,0.002772195
263,0.002170802
264,0.002119727
265,0.002198023
266,0.002381079
267,0.002206224
268,0.001892361
269,0.001791113
270,0.002161657
271,0.002443385
272,0.002362802
273,0.002463003
274,0.002306191
275,0.002364863
276,0.002434665
277,0.003325277
278,0.002751159
279,0.002412932
280,0.002422997
281,0.001792731
282,0.001730036
283,0.002215146
284,0.002383475
285,0.003448344
286,0.003073293
287,0.003110758
288,0.003004094
289,0.003284829
290,0.002236943
291,0.002532938
292,0.002184724
293,0.001565495
294,0.001517303
295,0.001259558
296,0.001326858
297,0.001369763
298,0.001439422
299,0.001328238
300,0.001163629
301,0.001208982
302,0.001277981
303,0.001498589
304,0.001771581
305,0.001826825
306,0.001810892
307,0.001687225
308,0.001752841
309,0.001772966
310,0.001831734
311,0.00193625
312,0.002020457
313,0.002148167
314,0.001988696
315,0.001958717
316,0.002070738
317,0.001870069
318,0.001726172
319,0.001596649
320,0.001510289
321,0.001590006
322,0.0016083
323,0.001469497
324,0.001513409
325,0.001543388
326,0.001565248
327,0.001507228
328,0.001335525
329,0.001339689
330,0.001349504
331,0.001500665
332,0.001527102
333,0.001612449
334,0.001266131
335,0.001135324
336,0.001122342
337,0.001092121
338,0.0009983527
339,0.0009821083
340,0.00129546
341,0.001410591
342,0.0007919829
343,0.0007967571
344,0.000835915
345,0.0007644363
346,0.0008048657
347,0.0007344309
348,0.000729157
349,0.001015703
350,0.0009996044
351,0.0005837556
352,0.0005516669
353,0.0005763022
354,0.0005606562
355,0.0005923391
356,0.000583222
357,0.000556994
358,0.0005826993
359,0.0006266931
360,0.0006268169
361,0.0006427894
362,0.000640345
363,0.0006627074
364,0.0006993269
365,0.0006789059
366,0.0006387687
367,0.0006306294
368,0.0006286693
369,0.0006516277
370,0.0007637517
371,0.0006921499
372,0.000800454
373,0.0007464085
374,0.0008137042
375,0.0007589759
376,0.0007920621
377,0.0007671124
378,0.0007836629
379,0.0007535344
380,0.0007628498
381,0.0007549967
382,0.000741525
383,0.0007950122
384,0.0007679427
385,0.001111887
386,0.0008302301
387,0.0008952837
388,0.0009091723
389,0.0009737802
390,0.001228466
391,0.0012178
392,0.001297752
393,0.001271416
394,0.002966941
395,0.001027508
396,0.001100142
397,0.00102431
398,0.001035492
399,0.001068818
400,0.00105611
401,0.001047604
402,0.001158179
403,0.001366765
404,0.001242126
405,0.001606609
406,0.001240652
407,0.001482481
408,0.001547499
409,0.001443119
410,0.001283158
411,0.001284626
412,0.0009771069
413,0.0009213293
414,0.0009204952
415,0.001017748
416,0.001000703
417,0.0008711575
418,0.001033361
419,0.001034887
420,0.0009280366
421,0.0009824666
422,0.00096922
423,0.001194113
424,0.0009384983
425,0.0009512324
426,0.001274145
427,0.001124952
428,0.001088055
429,0.001207048
430,0.001084784
431,0.001097999
432,0.001141096
433,0.00140931
434,0.00110942
435,0.001147057
436,0.001152377
437,0.00116389
438,0.001242971
439,0.001581778
440,0.001528392
441,0.001558385
442,0.001478929
443,0.001503965
444,0.001732758
445,0.001664527
446,0.001661392
447,0.001643328
448,0.001462158
449,0.00148354
450,0.001615165
451,0.001572576
452,0.001534604
453,0.001488816
454,0.001981693
455,0.001616696
456,0.001988225
457,0.001783671
458,0.001773029
459,0.001919126
460,0.001895296
461,0.001927439
462,0.002145155
463,0.002092862
464,0.002147998
465,0.002133293
466,0.002309611
467,0.002352966
468,0.002229976
469,0.002180659
470,0.002255801
471,0.002199581
472,0.002103773
473,0.00267329
474,0.002270283
475,0.002129941
476,0.002125886
477,0.002095785
478,0.002088649
479,0.002072687
480,0.002175804
481,0.002037361
482,0.00210563
483,0.001889954
484,0.00190265
485,0.001885171
486,0.001742097
487,0.001853617
488,0.001732755
489,0.001777458
490,0.001812449
491,0.001815608
492,0.001757573
493,0.00176606
494,0.001624842
495,0.002092751
496,0.002013158
497,0.002057487
498,0.002006444
499,0.002066131
500,0.002101547
501,0.002237324
502,0.002017792
503,0.002081404
504,0.001963374
505,0.001664995
506,0.001588653
507,0.001688026
508,0.001754349
509,0.001649244
510,0.001647252
511,0.001525261
512,0.00185679
513,0.001773063
514,0.001867368
515,0.002030025
516,0.001849036
517,0.001749801
518,0.001515417
519,0.001701322
520,0.001621568
521,0.001665124
522,0.001548264
523,0.001584017
524,0.001716328
525,0.001668848
526,0.001632702
527,0.001792435
528,0.001813829
529,0.001822327
530,0.00170168
531,0.001453901
532,0.001387089
533,0.001347562
534,0.00141754
535,0.001432322
536,0.001419824
537,0.001406849
538,0.001401866
539,0.001538993
540,0.001763347
541,0.001544986
542,0.001603033
543,0.001699316
544,0.001673999
545,0.001552877
546,0.001710536
547,0.001569219
548,0.001569485
549,0.001539684
550,0.001654833
551,0.001770132
552,0.001757946
553,0.001606765
554,0.001459811
555,0.001485952
556,0.001618229
557,0.001641112
558,0.001613648
559,0.001536543
560,0.001413045
561,0.001404
562,0.001416369
563,0.001410713
564,0.00142246
565,0.001419858
566,0.001437055
567,0.001402247
568,0.001379197
569,0.001460486
570,0.001367499
571,0.001434873
572,0.001440402
573,0.001503355
574,0.001406903
575,0.001403268
576,0.001442982
577,0.001402536
578,0.001416216
579,0.001419869
580,0.001405273
581,0.001509501
582,0.00161621
583,0.001732807
584,0.001526555
585,0.002168856
586,0.002223325
587,0.002013456
588,0.002077672
589,0.002098314
590,0.002199084
591,0.002003521
592,0.002060894
593,0.002014846
594,0.002030567
595,0.002059106
596,0.002056618
597,0.002089033
598,0.002034952
599,0.002116668
600,0.002154022
601,0.002058065
602,0.001983722
603,0.002195236
604,0.002246994
605,0.002390787
606,0.0023905
607,0.002538474
608,0.002600127
609,0.00253193
610,0.00244081
611,0.002611925
612,0.002720238
613,0.002576734
614,0.002535009
615,0.002537864
616,0.002568792
617,0.002683077
618,0.002587181
619,0.002663308
620,0.002585216
621,0.002577795
622,0.002674727
623,0.002924305
624,0.002927027
625,0.002962632
626,0.002884263
627,0.002838022
628,0.002958446
629,0.00300559
630,0.003149885
631,0.003548575
632,0.003339882
633,0.002989087
634,0.003358708
635,0.003242741
636,0.002987328
637,0.0032273
638,0.003019008
639,0.002789875
640,0.002662258
641,0.002570869
642,0.002541397
643,0.002549603
644,0.002543214
645,0.002805842
646,0.002762738
647,0.003273839
648,0.003235284
649,0.003155488
650,0.003195646
651,0.003099662
652,0.003039592
653,0.004060769
654,0.003253313
655,0.003044335
656,0.003131676
657,0.003290868
658,0.003389836
659,0.003365955
660,0.003390146
661,0.003651792
662,0.003395604
663,0.003550783
664,0.002734358
665,0.002801965
666,0.002746511
667,0.002708847
668,0.00226042
669,0.002316059
670,0.001659613
671,0.001710073
672,0.001776941
673,0.001519141
674,0.001522373
675,0.001244512
676,0.001282468
677,0.001733813
678,0.001904648
679,0.002442764
680,0.00237045
681,0.002147256
682,0.001997757
683,0.002119105
684,0.002157039
685,0.00197284
686,0.003397512
687,0.001778992
688,0.001647818
689,0.001555388
690,0.002282198
691,0.001600267
692,0.002029454
693,0.001382424
694,0.001956776
695,0.001342431
696,0.001784613
697,0.001933891
698,0.002113919
699,0.001976934
700,0.001910034
701,0.002843102
702,0.002540747
703,0.002807865
704,0.001699206
705,0.001603572
706,0.001646657
707,0.001602127
708,0.001750545
709,0.001307029
710,0.001606391
711,0.001284178
712,0.00152163
713,0.001443216
714,0.001573492
715,0.001336197
716,0.001714593
717,0.001377844
718,0.001412403
719,0.002214902
720,0.001385394
721,0.001294938
722,0.001330592
723,0.001301088
724,0.001292469
725,0.001279035
726,0.001001696
727,0.001026218
728,0.0009031576
729,0.0007987773
730,0.0008429511
731,0.0007996928
732,0.0008567531
733,0.001195893
734,0.001249179
735,0.001361161
736,0.001032111
737,0.001327396
738,0.001366646
739,0.001429211
740,0.001418892
741,0.001550067
742,0.001660151
743,0.001715214
744,0.001828376
745,0.00164204
746,0.001518085
747,0.001436062
748,0.001482139
749,0.00161543
750,0.001510039
751,0.001811824
752,0.001724819
753,0.001880425
754,0.00213183
755,0.002314887
756,0.001960191
757,0.001992138
758,0.001898878
759,0.001831147
760,0.001835269
761,0.002104525
762,0.001945662
763,0.00193337
764,0.001903896
765,0.001898415
766,0.001959599
767,0.001937001
768,0.001970097
769,0.002066054
770,0.002091735
771,0.001927828
772,0.001962066
773,0.00186303
774,0.001932562
775,0.002145241
776,0.002189847
777,0.002003204
778,0.002321369
779,0.002192403
780,0.002310832
781,0.002305385
782,0.002442563
783,0.002269888
784,0.002528724
785,0.002851717
786,0.003067967
787,0.003428315
788,0.003955026
789,0.004328008
790,0.004429534
791,0.004664084
792,0.004675505
793,0.004885308
794,0.005034378
795,0.003168329
796,0.003190349
797,0.00285648
798,0.00284516
799,0.00289279
800,0.002809182
801,0.003025133
802,0.002711153
803,0.002701581
804,0.002733596
805,0.002426862
806,0.002397214
807,0.002519402
808,0.002331334
809,0.002407832
810,0.002427939
811,0.003058572
812,0.00231135
813,0.002168235
814,0.002288968
815,0.002203625
816,0.002194031
817,0.00216509
818,0.001830632
819,0.001746047
820,0.001715022
821,0.001845446
822,0.002217186
823,0.002513375
824,0.002454089
825,0.002523761
826,0.002726349
827,0.002539618
828,0.002554631
829,0.002798403
830,0.002642373
831,0.002633396
832,0.002671441
833,0.002584728
834,0.002132932
835,0.002101803
836,0.002216238
837,0.002295512
838,0.002280783
839,0.002453922
840,0.002523207
841,0.003149072
842,0.003409455
843,0.003395173
844,0.003140135
845,0.003411165
846,0.004078375
847,0.003993933
848,0.004197323
849,0.005367017
850,0.004674884
851,0.004739671
852,0.00389372
853,0.004019117
854,0.004288812
855,0.004248987
856,0.00412049
857,0.003818376
858,0.003733452
859,0.003732688
860,0.003429294
861,0.003250465
862,0.003352352
863,0.003541201
864,0.004084794
865,0.004154999
866,0.004108182
867,0.004040364
868,0.003926637
869,0.00405352
870,0.003835128
871,0.004240265
872,0.004735561
873,0.004103483
874,0.003857038
875,0.003856538
876,0.00355168
877,0.003400278
878,0.003155592
879,0.002962764
880,0.002971353
881,0.002943977
882,0.002965606
883,0.002874184
884,0.002818832
885,0.002717057
886,0.002622139
887,0.002534278
888,0.002727657
889,0.002695702
890,0.002664576
891,0.002665115
892,0.002595876
893,0.002166551
894,0.00220387
895,0.002271522
896,0.002206459
897,0.002329872
898,0.002459361
899,0.002207095
900,0.001918295
901,0.001820325
902,0.001873428
903,0.001818082
904,0.001826081
905,0.001868543
906,0.001653881
907,0.001769063
908,0.001561093
909,0.001458154
910,0.001582039
911,0.001506715
912,0.001729826
913,0.002002837
914,0.001687837
915,0.001632862
916,0.001739256
917,0.00175693
918,0.001874631
919,0.001826582
920,0.00181058
921,0.001981373
922,0.002078592
923,0.002018352
924,0.001512463
925,0.00150268
926,0.001527566
927,0.001424459
928,0.001521023
929,0.001754063
930,0.001853235
931,0.001574538
932,0.00179062
933,0.001513658
934,0.001469468
935,0.001580582
936,0.001578169
937,0.001767953
938,0.001457915
939,0.001391695
940,0.001361999
941,0.00140593
942,0.001411856
943,0.001438354
944,0.001393617
945,0.001384603
946,0.001533376
947,0.001429455
948,0.001373048
949,0.00138288
950,0.001293045
951,0.001315356
952,0.001417698
953,0.001340806
954,0.001177233
955,0.001055641
956,0.0009413658
957,0.0009708752
958,0.001030583
959,0.0008701484
960,0.001156228
961,0.0009880702
962,0.001140997
963,0.001173832
964,0.00139703
965,0.001529756
966,0.0009807344
967,0.001092346
968,0.001205191
969,0.001392445
970,0.001188757
971,0.001216468
972,0.001328883
973,0.001225531
974,0.001275473
975,0.00137416
976,0.001230403
977,0.001155093
978,0.001199407
979,0.001409462
980,0.001153594
981,0.001149154
982,0.001207666
983,0.001940663
984,0.002438756
985,0.003170324
986,0.001897916
987,0.001811126
988,0.001572877
989,0.001684378
990,0.001208109
991,0.001474199
992,0.001941107
993,0.002279325
994,0.003167526
995,0.004052152
996,0.007168275
997,0.002709585
998,0.002834341
999,0.002847439
1000,0.002905283
1001,0.002782329
1002,0.002698106
1003,0.002838553
1004,0.002512786
1005,0.002519386
1006,0.003300971
1007,0.003488772
1008,0.00329381
1009,0.003177557
1010,0.003361371
1011,0.00386879
1012,0.003786675
1013,0.003560232
1014,0.003393401
1015,0.003707967
1016,0.003798943
1017,0.003876164
1018,0.005435722
1019,0.005486468
1020,0.006091194
1021,0.005803733
1022,0.005172445
1023,0.005609708
1024,0.005895439
1025,0.004620422
1026,0.004565018
1027,0.004440663
1028,0.004234449
1029,0.003977385
1030,0.004760295
1031,0.004144475
1032,0.003775988
1033,0.004029011
1034,0.003971806
1035,0.003913284
1036,0.003166864
1037,0.002995985
1038,0.002955094
1039,0.003009795
1040,0.003149964
1041,0.002910077
1042,0.003458834
1043,0.003110517
1044,0.002922503
1045,0.004923548
1046,0.004254037
1047,0.004424426
1048,0.004305434
1049,0.004246611
1050,0.004207297
1051,0.0035259
1052,0.009200792
1053,0.008928149
1054,0.009577742
1055,0.009410449
1056,0.008791602
1057,0.008638351
1058,0.007944247
1059,0.008038237
1060,0.007666236
1061,0.007419512
1062,0.007314182
1063,0.007359702
1064,0.006619631
1065,0.00644737
1066,0.007218741
1067,0.00689766
1068,0.006191292
1069,0.006194703
1070,0.006236162
1071,0.008189109
1072,0.008835921
1073,0.008048167
1074,0.007441884
1075,0.007721966
1076,0.01197098
1077,0.01133416
1078,0.009243139
1079,0.009083149
1080,0.008377878
1081,0.008122879
1082,0.007646407
1083,0.007129076
1084,0.0067948
1085,0.005890402
1086,0.006510129
1087,0.006104833
1088,0.00609963
1089,0.007340413
1090,0.006734728
1091,0.006645514
1092,0.00463648
1093,0.00523721
1094,0.004595736
1095,0.004584524
1096,0.00471809
1097,0.004895818
1098,0.004445394
1099,0.004626687
1100,0.004812361
1101,0.00501027
1102,0.005989647
1103,0.006934018
1104,0.007121061
1105,0.00721659
1106,0.006695848
1107,0.005385294
1108,0.004659131
1109,0.004240482
1110,0.003933892
1111,0.004121202
1112,0.003866937
1113,0.003353924
1114,0.004125306
1115,0.003675598
1116,0.003660392
1117,0.004123021
1118,0.006223914
1119,0.005200967
1120,0.006108325
1121,0.005520635
1122,0.006054646
1123,0.005507286
1124,0.00643168
1125,0.006157956
1126,0.005979518
1127,0.006199617
1128,0.005514833
1129,0.005190949
1130,0.004349306
1131,0.004158098
1132,0.003905841
1133,0.003563717
1134,0.0041478
1135,0.004039532
1136,0.003101978
1137,0.003079888
1138,0.003310825
1139,0.003448485
1140,0.003744343
1141,0.003860191
1142,0.003755102
1143,0.004027932
1144,0.00429485
1145,0.004193497
1146,0.004083837
1147,0.004094636
1148,0.003804092
1149,0.003796167
1150,0.003224913
1151,0.003215479
1152,0.003122554
1153,0.003312137
1154,0.003210084
1155,0.002521811
1156,0.002793004
1157,0.002391463
1158,0.002348086
1159,0.002441018
1160,0.00207478
1161,0.001939412
1162,0.001492222
1163,0.001566491
1164,0.001618487
1165,0.001370795
1166,0.001351755
1167,0.001333032
1168,0.00115697
1169,0.001263068
1170,0.001319301
1171,0.001323409
1172,0.001165139
1173,0.001296092
1174,0.001257659
1175,0.001284767
1176,0.001467241
1177,0.001387115
1178,0.001405819
1179,0.001453763
1180,0.001537215
1181,0.001752173
1182,0.002233052
1183,0.002877594
1184,0.005407052
1185,0.00542065
1186,0.004344672
1187,0.00421363
1188,0.004557555
1189,0.005433146
1190,0.005276439
1191,0.005055856
1192,0.005694126
1193,0.005897763
1194,0.005773541
1195,0.004931922
1196,0.004574781
1197,0.005277351
1198,0.007679625
1199,0.006562758
1200,0.006058705
1201,0.005980519
1202,0.006539799
1203,0.00954336
1204,0.008544407
1205,0.007162268
1206,0.006750776
1207,0.006067181
1208,0.006514726
1209,0.007312986
1210,0.005358227
1211,0.00469519
1212,0.005188453
1213,0.004865311
1214,0.005105176
1215,0.004661338
1216,0.003894434
1217,0.004286216
1218,0.004712514
1219,0.006099034
1220,0.005289659
1221,0.005008863
1222,0.006846839
1223,0.00793111
1224,0.007595966
1225,0.00632082
1226,0.005471241
1227,0.006947046
1228,0.005361064
1229,0.005817608
1230,0.006805894
1231,0.006168722
1232,0.005361404
1233,0.005134716
1234,0.005025363
1235,0.005453398
1236,0.006539421
1237,0.005368472
1238,0.005589998
1239,0.006211818
1240,0.00638906
1241,0.007762186
1242,0.008118624
1243,0.008790443
1244,0.006777278
1245,0.007401411
1246,0.006611557
1247,0.006756344
1248,0.01441708
1249,0.01348826
1250,0.01402149
1251,0.01090856
1252,0.01337695
1253,0.01373583
1254,0.009385495
1255,0.0103789
1256,0.009981344
1257,0.01003794
1258,0.01021415
1259,0.009057445
1260,0.009529668
1261,0.007714663
1262,0.008723855
1263,0.007847772
1264,0.009386282
1265,0.008779625
1266,0.007807147
1267,0.007376386
1268,0.008699078
1269,0.008070762
1270,0.01210812
1271,0.007457415
1272,0.007249163
1273,0.006280121
1274,0.006967041
1275,0.007546353
1276,0.008084958
1277,0.007484366
1278,0.007302222
1279,0.007517972
1280,0.008522216
1281,0.006615069
1282,0.008976257
1283,0.008038332
1284,0.008178634
1285,0.008525988
1286,0.009077615
1287,0.007440023
1288,0.007377145
1289,0.007678372
1290,0.008238525
1291,0.01021226
1292,0.008318097
1293,0.008719762
1294,0.009950816
1295,0.009133127
1296,0.008904728
1297,0.008785492
1298,0.009569021
1299,0.01037673
1300,0.01067166
1301,0.01055167
1302,0.01122634
1303,0.01018224
1304,0.01143849
1305,0.0133494
1306,0.01107543
1307,0.01083172
1308,0.01100417
1309,0.01054553
1310,0.01110378
1311,0.005544817
1312,0.004265535
1313,0.004523678
1314,0.004921555
1315,0.004605394
1316,0.005004674
1317,0.004699118
1318,0.00509054
1319,0.008452608
1320,0.008640283
1321,0.003618751
1322,0.003307849
1323,0.004892859
1324,0.003977624
1325,0.004199492
1326,0.004321976
1327,0.004603735
1328,0.005296081
1329,0.004839321
1330,0.004458467
1331,0.004120444
1332,0.004103662
1333,0.00402707
1334,0.004145922
1335,0.003984459
1336,0.003985855
1337,0.003827638
1338,0.00378448
1339,0.003831449
1340,0.003677563
1341,0.003378523
1342,0.003371603
1343,0.003570471
1344,0.004774963
1345,0.004210425
1346,0.004282786
1347,0.004302111
1348,0.004113398
1349,0.004002526
1350,0.004037689
1351,0.003853987
1352,0.003851644
1353,0.003954004
1354,0.003854681
1355,0.003852195
1356,0.003790488
1357,0.003781128
1358,0.003855863
1359,0.003980617
1360,0.004107733
1361,0.004471157
1362,0.004127586
1363,0.00409435
1364,0.003986335
1365,0.004125352
1366,0.003894976
1367,0.003783661
1368,0.003846021
1369,0.004225431
1370,0.004291398
1371,0.004345945
1372,0.003566047
1373,0.003344059
1374,0.003020253
1375,0.002996522
1376,0.002850698
1377,0.00267246
1378,0.002662312
1379,0.003298984
1380,0.002411353
1381,0.002253278
1382,0.002645117
1383,0.00297445
1384,0.003382743
1385,0.002805148
1386,0.003574353
1387,0.003411025
1388,0.004837325
1389,0.003149397
1390,0.001939594
1391,0.001778811
1392,0.001935777
1393,0.001991655
1394,0.00212968
1395,0.00249251
1396,0.00232935
1397,0.002658946
1398,0.002732221
1399,0.002340352
1400,0.003411241
1401,0.003160907
1402,0.003004104
1403,0.003208737
1404,0.003361862
1405,0.003116413
1406,0.003248735
1407,0.003588512
1408,0.002951605
1409,0.002758712
1410,0.002862891
1411,0.002072313
1412,0.00223244
1413,0.002317387
1414,0.002179455
1415,0.00197377
1416,0.002421378
1417,0.002529878
1418,0.0009856365
1419,0.0008851947
1420,0.0008780254
1421,0.000858664
1422,0.0008929119
1423,0.0009119765
1424,0.0009849257
1425,0.000906945
1426,0.001097163
1427,0.001041676
1428,0.001052956
1429,0.001163409
1430,0.001313158
1431,0.00147137
1432,0.001563747
1433,0.001356772
1434,0.001527488
1435,0.001585451
1436,0.00153507
1437,0.001500113
1438,0.001604149
1439,0.001703032
1440,0.001735335
1441,0.001754164
1442,0.00181819
1443,0.00181489
1444,0.001895838
1445,0.001834579
1446,0.001881349
1447,0.001881543
1448,0.001947015
1449,0.001917518
1450,0.001915397
1451,0.001979784
1452,0.002198628
1453,0.002199877
1454,0.002306233
1455,0.002499519
1456,0.002566658
1457,0.002409915
1458,0.002787212
1459,0.002647902
1460,0.002776747
1461,0.002786946
1462,0.002833926
1463,0.002740195
1464,0.00282187
1465,0.002738151
1466,0.002604574
1467,0.002490242
1468,0.002526999
1469,0.002635977
1470,0.002759481
1471,0.003235424
1472,0.003257848
1473,0.003332169
1474,0.003340413
1475,0.003193751
1476,0.003192462
1477,0.002870735
1478,0.003174712
1479,0.003016932
1480,0.00306533
1481,0.00306166
1482,0.003197512
1483,0.002872803
1484,0.002761893
1485,0.002544942
1486,0.002757001
1487,0.002757061
1488,0.002791445
1489,0.002913663
1490,0.002934787
1491,0.002795767
1492,0.002817354
1493,0.002736901
1494,0.002680607
1495,0.002842093
1496,0.002718599
1497,0.002548359
1498,0.002586555
1499,0.002402394
1500,0.002499368
1501,0.00253712
1502,0.002161575
1503,0.002439434
1504,0.002145383
1505,0.002408254
1506,0.002240104
1507,0.002147
1508,0.002195431
1509,0.002127858
1510,0.00192352
1511,0.001867063
1512,0.001933149
1513,0.001699036
1514,0.001711045
1515,0.001659017
1516,0.001737534
1517,0.001775251
1518,0.001698752
1519,0.001542395
1520,0.001761926
1521,0.001550509
1522,0.001574226
1523,0.001680546
1524,0.001684794
1525,0.001501811
1526,0.001482511
1527,0.001494366
1528,0.001388441
1529,0.001570686
1530,0.00156945
1531,0.001550561
1532,0.001745012
1533,0.001587621
1534,0.001419524
1535,0.001421353
1536,0.001627396
1537,0.001491226
1538,0.001574583
1539,0.001342973
1540,0.001294663
1541,0.001317024
1542,0.001393141
1543,0.001570338
1544,0.001379611
1545,0.001358452
1546,0.001518024
1547,0.001372685
1548,0.001488738
1549,0.00177237
1550,0.00184113
1551,0.00206797
1552,0.00173458
1553,0.001800023
1554,0.001812614
1555,0.001637693
1556,0.001618542
1557,0.001514689
1558,0.001533457
1559,0.001494668
1560,0.001619442
1561,0.001585966
1562,0.001510905
1563,0.00156566
1564,0.001464957
1565,0.001531041
1566,0.001404717
1567,0.001626727
1568,0.001572727
1569,0.001552603
1570,0.001602022
1571,0.001611948
1572,0.001577729
1573,0.001499382
1574,0.00151244
1575,0.001565728
1576,0.001518732
1577,0.001472588
1578,0.001444593
1579,0.001504273
1580,0.001424664
1581,0.001511188
1582,0.001398249
1583,0.001322374
1584,0.001280092
1585,0.001445416
1586,0.001247318
1587,0.001358877
1588,0.001257482
1589,0.001465291
1590,0.001453747
1591,0.001398371
1592,0.00140084
1593,0.001434731
1594,0.001619095
1595,0.00166521
1596,0.001654171
1597,0.001576404
1598,0.001706372
1599,0.002191616
1600,0.002075576
1601,0.002335672
1602,0.002355026
1603,0.002110809
1604,0.001902112
1605,0.001902585
1606,0.002551048
1607,0.002976942
1608,0.004790861
1609,0.005038409
1610,0.006593565
1611,0.008921426
1612,0.01034103
1613,0.01011277
1614,0.009939478
1615,0.008882418
1616,0.008526675
1617,0.008239863
1618,0.007645173
1619,0.007901053
1620,0.008436288
1621,0.007638286
1622,0.006186061
1623,0.00480167
1624,0.00445915
1625,0.004875051
1626,0.004243084
1627,0.005200655
1628,0.005962142
1629,0.006210593
1630,0.006125138
1631,0.005844827
1632,0.005795587
1633,0.006473949
1634,0.006705728
1635,0.007045934
1636,0.007496244
1637,0.008824288
1638,0.01039151
1639,0.008944438
1640,0.01008894
1641,0.00992882
1642,0.009926328
1643,0.009776145
1644,0.009274304
1645,0.01009234
1646,0.0105358
1647,0.01071163
1648,0.01109886
1649,0.01160406
1650,0.01179852
1651,0.0115248
1652,0.01153225
1653,0.01095991
1654,0.01106559
1655,0.0115224
1656,0.01173395
1657,0.01105402
1658,0.01086715
1659,0.01144601
1660,0.01102944
1661,0.01012211
1662,0.01003854
1663,0.009195407
1664,0.009854231
1665,0.009219909
1666,0.008850851
1667,0.0090999
1668,0.007839493
1669,0.008525924
1670,0.008611642
1671,0.00871133
1672,0.008741991
1673,0.008731962
1674,0.00828902
1675,0.00874578
1676,0.008628912
1677,0.01000289
1678,0.01128969
1679,0.008623187
1680,0.009436553
1681,0.009197946
1682,0.008765385
1683,0.008780408
1684,0.008632244
1685,0.008196467
1686,0.008586045
1687,0.007927606
1688,0.007594283
1689,0.007508612
1690,0.007727487
1691,0.007812425
1692,0.007627654
1693,0.007230145
1694,0.008247492
1695,0.007443611
1696,0.006814579
1697,0.006951698
1698,0.006903558
1699,0.006926552
1700,0.007128106
1701,0.007525976
1702,0.007015174
1703,0.006978001
1704,0.00691307
1705,0.007350801
1706,0.006945411
1707,0.007969995
1708,0.007829001
1709,0.007527861
1710,0.007391822
1711,0.007208745
1712,0.006858242
1713,0.007122634
1714,0.007052225
1715,0.006422398
1716,0.006593369
1717,0.006833984
1718,0.006297924
1719,0.007003865
1720,0.006884353
1721,0.007215332
1722,0.006851853
1723,0.006990679
1724,0.00698565
1725,0.007764545
1726,0.007658933
1727,0.007320981
1728,0.007249586
1729,0.007233379
1730,0.007754489
1731,0.007493538
1732,0.007675525
1733,0.007333103
1734,0.007293538
1735,0.007632401
1736,0.008585679
1737,0.008149195
1738,0.008429528
1739,0.008146595
1740,0.008140793
1741,0.008871959
1742,0.007909399
1743,0.007172967
1744,0.007212578
1745,0.007174054
1746,0.006890363
1747,0.006758262
1748,0.006983827
1749,0.00628725
1750,0.006259135
1751,0.006178635
1752,0.00604313
1753,0.006006971
1754,0.006293874
1755,0.006510406
1756,0.007335722
1757,0.006951628
1758,0.006568737
1759,0.006452391
1760,0.006517785
1761,0.006617225
1762,0.007037792
1763,0.006702341
1764,0.006798602
1765,0.006341455
1766,0.006370538
1767,0.005715432
1768,0.005748988
1769,0.006104207
1770,0.005802345
1771,0.006296047
1772,0.006211696
1773,0.006069087
1774,0.006092146
1775,0.006004241
1776,0.006149474
1777,0.005916895
1778,0.005690955
1779,0.005711889
1780,0.005385604
1781,0.006957148
1782,0.00766245
1783,0.00691439
1784,0.005956544
1785,0.005637285
1786,0.005571421
1787,0.005596631
1788,0.005337259
1789,0.004675769
1790,0.004526389
1791,0.004301147
1792,0.004225228
1793,0.004004088
1794,0.004281403
1795,0.003989535
1796,0.004251967
1797,0.003617182
1798,0.003935138
1799,0.003633022
1800,0.003437831
1801,0.005724425
1802,0.005866159
1803,0.005949121
1804,0.005514761
1805,0.005444811
1806,0.004122958
1807,0.003658165
1808,0.003113696
1809,0.003400289
1810,0.003354809
1811,0.00338387
1812,0.003016007
1813,0.003072737
1814,0.002988296
1815,0.003065115
1816,0.004470121
1817,0.003770926
1818,0.004641987
1819,0.003858582
1820,0.003110954
1821,0.003124766
1822,0.003233051
1823,0.003299006
1824,0.004153464
1825,0.002323046
1826,0.003155218
1827,0.003242811
1828,0.002798644
1829,0.002766679
1830,0.002672494
1831,0.002609182
1832,0.002997793
1833,0.002867387
1834,0.003191585
1835,0.003532589
1836,0.003553413
1837,0.003833507
1838,0.003379726
1839,0.00394458
1840,0.003569481
1841,0.002822618
1842,0.002180341
1843,0.002258211
1844,0.002184643
1845,0.002384691
1846,0.004903108
1847,0.005089744
1848,0.005107446
1849,0.005404034
1850,0.00485047
1851,0.0045013
1852,0.0042576
1853,0.004029762
1854,0.003540759
1855,0.00371994
1856,0.00373441
1857,0.003763076
1858,0.003930802
1859,0.003780277
1860,0.004049577
1861,0.004255262
1862,0.004206888
1863,0.004722537
1864,0.004458988
1865,0.004412562
1866,0.004239392
1867,0.003418615
1868,0.003439599
1869,0.003351824
1870,0.00312403
1871,0.003126484
1872,0.003087109
1873,0.002800875
1874,0.00295631
1875,0.002961026
1876,0.002869542
1877,0.002975279
1878,0.002811128
1879,0.002325376
1880,0.002059845
1881,0.001960658
1882,0.001990973
1883,0.001940747
1884,0.002033984
1885,0.002126873
1886,0.002195974
1887,0.002274768
1888,0.002232162
1889,0.002216596
1890,0.002228732
1891,0.00226038
1892,0.002213986
1893,0.00204002
1894,0.002069537
1895,0.003179358
1896,0.004335432
1897,0.003786558
1898,0.003442476
1899,0.002236778
1900,0.002198064
1901,0.002329343
1902,0.003342588
1903,0.002608481
1904,0.002671753
1905,0.003744709
1906,0.003814901
1907,0.0037133
1908,0.004063283
1909,0.003666954
1910,0.003435924
1911,0.00315127
1912,0.003115544
1913,0.002718432
1914,0.002514442
1915,0.003084338
1916,0.003558228
1917,0.00363632
1918,0.003571004
1919,0.003544972
1920,0.003514549
1921,0.003608006
1922,0.003732234
1923,0.002309947
1924,0.002140828
1925,0.002095936
1926,0.002223057
1927,0.002283422
1928,0.002310232
1929,0.00229706
1930,0.002616339
1931,0.002572295
1932,0.002663387
1933,0.002608102
1934,0.002592886
1935,0.002669144
1936,0.002639023
1937,0.003196915
1938,0.003041402
1939,0.002820852
1940,0.002659952
1941,0.002466348
1942,0.002458942
1943,0.002481284
1944,0.002439874
1945,0.002398944
1946,0.002305892
1947,0.002490999
1948,0.00249785
1949,0.002372564
1950,0.002267966
1951,0.001922909
1952,0.002182671
1953,0.002039764
1954,0.001785372
1955,0.001816783
1956,0.002172337
1957,0.001848448
1958,0.002104627
1959,0.002303903
1960,0.002306781
1961,0.002035737
1962,0.002019577
1963,0.002019753
1964,0.002257467
1965,0.001795629
1966,0.001901062
1967,0.001895636
1968,0.001914237
1969,0.00190214
1970,0.002234074
1971,0.002010592
1972,0.00228602
1973,0.00203158
1974,0.002077887
1975,0.003689781
1976,0.003737818
1977,0.003528102
1978,0.00319953
1979,0.003446545
1980,0.003070554
1981,0.002611086
1982,0.002721703
1983,0.0027645
1984,0.002624336
1985,0.002531479
1986,0.002236753
1987,0.002164356
1988,0.002069789
1989,0.002111307
1990,0.002057907
1991,0.002041607
1992,0.001993102
1993,0.001995212
1994,0.002122025
1995,0.002339683
1996,0.002107239
1997,0.002181544
1998,0.00239242
1999,0.001659141
2000,0.001981982
2001,0.002861626
2002,0.002389349
2003,0.002155202
2004,0.001865798
2005,0.007889176
2006,0.006400135
2007,0.00565708
2008,0.0053041
2009,0.004746874
2010,0.005674437
2011,0.004912294
2012,0.004900172
2013,0.006144379
2014,0.007024237
2015,0.006365987
2016,0.00629705
2017,0.007045181
2018,0.007617128
2019,0.0078212
2020,0.005953182
2021,0.00430703
2022,0.004141101
2023,0.004156213
2024,0.003647535
2025,0.003235969
2026,0.002983518
2027,0.002649572
2028,0.008449531
2029,0.00818781
2030,0.007256876
2031,0.005935339
2032,0.004556159
2033,0.005410909
2034,0.005617897
2035,0.002681697
2036,0.00328191
2037,0.003373418
2038,0.002964852
2039,0.003161617
2040,0.003059727
2041,0.003227976
2042,0.002238921
2043,0.002225855
2044,0.002082591
2045,0.002074583
2046,0.002090648
2047,0.002198315
2048,0.00251277
2049,0.003695323
2050,0.003187301
2051,0.002086027
2052,0.0009245874
2053,0.0008810538
2054,0.0009706506
2055,0.001033536
2056,0.001687224
2057,0.001712976
2058,0.00234132
2059,0.001496449
2060,0.001474621
2061,0.0016391
2062,0.002246204
2063,0.00230811
2064,0.001913901
2065,0.001892292
2066,0.001956297
2067,0.002046822
2068,0.002790661
2069,0.002227376
2070,0.001757664
2071,0.002038995
2072,0.001602051
2073,0.001960428
2074,0.001952122
2075,0.001992459
2076,0.001521106
2077,0.001345507
2078,0.002791565
2079,0.005139672
2080,0.005321681
2081,0.003406943
2082,0.003911314
2083,0.003935449
2084,0.002929385
2085,0.002195784
2086,0.001586256
2087,0.002210292
2088,0.001843547
2089,0.002063197
2090,0.002514942
2091,0.003317953
2092,0.003696281
2093,0.003576744
2094,0.003660413
2095,0.003186717
2096,0.00326734
2097,0.003619974
2098,0.003089572
2099,0.003583881
2100,0.001985528
2101,0.001950782
2102,0.001982039
2103,0.001785643
2104,0.001812697
2105,0.00189807
2106,0.00228985
2107,0.002619507
2108,0.002266739
2109,0.002067913
2110,0.001801512
2111,0.001767547
2112,0.002267581
2113,0.002141588
2114,0.002505454
2115,0.00186723
2116,0.002038596
2117,0.001959182
2118,0.002109994
2119,0.002197359
2120,0.001671889
2121,0.001677361
2122,0.001870414
2123,0.00185906
2124,0.001738645
2125,0.001538511
2126,0.001626226
2127,0.001846406
2128,0.001957583
2129,0.001729715
2130,0.001889635
2131,0.002057247
2132,0.001761106
2133,0.001790865
2134,0.001949039
2135,0.001713114
2136,0.001464256
2137,0.0005410071
2138,0.0006552779
2139,0.0006966241
2140,0.001503899
2141,0.001318403
2142,0.001447649
2143,0.001722034
2144,0.001038887
2145,0.001089005
2146,0.00112182
2147,0.00109099
2148,0.0008450258
2149,0.001139471
2150,0.0009131494
2151,0.0008227798
2152,0.0008212627
2153,0.0005374952
2154,0.0006230873
2155,0.0006351384
2156,0.0005704564
2157,0.0009107999
2158,0.0006938358
2159,0.0007045983
2160,0.0008168145
2161,0.001188127
2162,0.0009154527
2163,0.0008676946
2164,0.0009712087
2165,0.001134419
2166,0.00216408
2167,0.0005475402
2168,0.0005512437
2169,0.0005307912
2170,0.0006825577
2171,0.0004874627
2172,0.0004459241
2173,0.0003740769
2174,0.0004664806
2175,0.000518571
2176,0.0004604075
2177,0.0004567118
2178,0.0006925322
2179,0.0006180487
2180,0.000519482
2181,0.0005532982
2182,0.0005420414
2183,0.0005486561
2184,0.0005104285
2185,0.0005446931
2186,0.0003628152
2187,0.0002511579
2188,0.0002691182
2189,0.0002670859
2190,0.0002698175
2191,0.0002644055
2192,0.0002180656
2193,0.0002961457
2194,0.0003819324
2195,0.0005247474
2196,0.0005162175
2197,0.0007539187
2198,0.0005978401
2199,0.0006342435
2200,0.0003870767
2201,0.0003880958
2202,0.000356708
2203,0.0003845335
2204,0.0003267651
2205,0.0003682085
2206,0.0005081632
2207,0.000274061
2208,0.0003733358
2209,0.0002423148
2210,0.0002421588
2211,0.0002456068
2212,0.0002522037
2213,0.0002690165
2214,0.0002277062
2215,0.0002052246
2216,0.0002284033
2217,0.0002665501
2218,0.0002536157
2219,0.0002376235
2220,0.0002481393
2221,0.0002693713
2222,0.0002124672
2223,0.0002025702
2224,0.0001748034
2225,0.0001859454
2226,0.0001932634
2227,0.0001926156
2228,0.0002099311
2229,0.0001881933
2230,0.0001869511
2231,0.0001878688
2232,0.0002053946
2233,0.0002432837
2234,0.0002113196
2235,0.0002147558
2236,0.000205702
2237,0.000205262
2238,0.0002194343
2239,0.0002044914
2240,0.0002445227
2241,0.0002253284
2242,0.0001987133
2243,0.0001782503
2244,0.0002174206
2245,0.0002103221
2246,0.0002109104
2247,0.0002252704
2248,0.0002213691
2249,0.0002380391
2250,0.0002164245
2251,0.0002208308
2252,0.0002771558
2253,0.0002825894
2254,0.0003612612
2255,0.000397318
2256,0.0004778066
2257,0.0004518816
2258,0.0005592216
2259,0.0005862613
2260,0.0005801774
2261,0.0007159232
2262,0.0007560052
2263,0.0006937188
2264,0.0003124073
2265,0.000265214
2266,0.0003529557
2267,0.0003328988
2268,0.001170751
2269,0.001205316
2270,0.001065685
2271,0.000884823
2272,0.0007987432
2273,0.0007538093
2274,0.0006088279
2275,0.0005528355
2276,0.0005791866
2277,0.0005712018
2278,0.0005897472
2279,0.0005231284
2280,0.0004807742
2281,0.0004521884
2282,0.0004348098
2283,0.0004855612
2284,0.0004250044
2285,0.0003978453
2286,0.0003842517
2287,0.0003586319
2288,0.0003726128
2289,0.0003485481
2290,0.0002967184
2291,0.0002659338
2292,0.0003672707
2293,0.000400072
2294,0.0003877697
2295,0.0003717949
2296,0.0006354825
2297,0.000870424
2298,0.0007717477
2299,0.0008059955
2300,0.000890346
2301,0.001069601
2302,0.0009311237
2303,0.0007587619
2304,0.0007611719
2305,0.0006235595
2306,0.0006084053
2307,0.0005960051
2308,0.0005813382
2309,0.0005926416
2310,0.0006598193
2311,0.0007087164
2312,0.0005390539
2313,0.0006242504
2314,0.0007227288
2315,0.0006586171
2316,0.000624601
2317,0.000596467
2318,0.000673104
2319,0.000554801
2320,0.0006163777
2321,0.0006676334
2322,0.0006936621
2323,0.000630988
2324,0.0007103957
2325,0.0007246803
2326,0.0006958714
2327,0.0007715707
2328,0.000732162
2329,0.0007711804
2330,0.0007603164
2331,0.0009922964
2332,0.001058232
2333,0.001111933
2334,0.001225781
2335,0.001182782
2336,0.001107825
2337,0.001274609
2338,0.001271102
2339,0.001124712
2340,0.001040765
2341,0.001207182
2342,0.0009588006
2343,0.0009210302
2344,0.002424087
2345,0.0009375841
2346,0.0008756836
2347,0.0007986153
2348,0.000889906
2349,0.0008846225
2350,0.0008930843
2351,0.0008511401
2352,0.0008892484
2353,0.0009236052
2354,0.0008726857
2355,0.0008816757
2356,0.0008103312
2357,0.0008452193
2358,0.0008472473
2359,0.0009893401
2360,0.001163066
2361,0.001130272
2362,0.001101412
2363,0.0011585
2364,0.001310556
2365,0.001180099
2366,0.001380522
2367,0.001381651
2368,0.001416282
2369,0.001238158
2370,0.001374734
2371,0.001349832
2372,0.001437026
2373,0.001596065
2374,0.001714557
2375,0.001563819
2376,0.001636593
2377,0.001683069
2378,0.001771078
2379,0.001773546
2380,0.001847533
2381,0.001971341
2382,0.001636351
2383,0.001732661
2384,0.001906859
2385,0.001967661
2386,0.002153761
2387,0.001992242
2388,0.002132895
2389,0.002236313
2390,0.002170054
2391,0.002153558
2392,0.002318698
2393,0.002376481
2394,0.002418857
2395,0.002336061
2396,0.002330597
2397,0.00244175
2398,0.002681819
2399,0.002778658
2400,0.002853642
2401,0.002733205
2402,0.003041107
2403,0.003322656
2404,0.003226155
2405,0.003569496
2406,0.003689398
2407,0.003858408
2408,0.003820738
2409,0.004010507
2410,0.003856285
2411,0.004127012
2412,0.004592502
2413,0.004272102
2414,0.003903554
2415,0.003714323
2416,0.0027154
2417,0.00324987
2418,0.003151385
2419,0.003203989
2420,0.003299094
2421,0.003394936
2422,0.003702789
2423,0.00367319
2424,0.004087432
2425,0.004303076
2426,0.004884295
2427,0.005045808
2428,0.005201775
2429,0.005533954
2430,0.00570342
2431,0.004882513
2432,0.005289476
2433,0.005213711
2434,0.005539379
2435,0.005405672
2436,0.005654665
2437,0.005231746
2438,0.005185583
2439,0.005820941
2440,0.004600251
2441,0.004623978
2442,0.004839457
2443,0.00496449
2444,0.004940656
2445,0.004926423
2446,0.005258658
2447,0.005247806
2448,0.00492575
2449,0.004556803
2450,0.004714021
2451,0.004605036
2452,0.00426741
2453,0.004445025
2454,0.004821497
2455,0.00514456
2456,0.00474584
2457,0.004478615
2458,0.004422496
2459,0.00361446
2460,0.003633361
2461,0.003342673
2462,0.003369648
2463,0.003602294
2464,0.003483164
2465,0.00322526
2466,0.003879969
2467,0.0044157
2468,0.005129135
2469,0.006138134
2470,0.006631958
2471,0.006599535
2472,0.005654036
2473,0.005477717
2474,0.004781887
2475,0.004813875
2476,0.005437978
2477,0.00552211
2478,0.005644467
2479,0.005812898
2480,0.00578991
2481,0.004810229
2482,0.004857302
2483,0.004558092
2484,0.002950447
2485,0.002292994
2486,0.002069462
2487,0.002131146
2488,0.001833762
2489,0.001836049
2490,0.001922425
2491,0.001742025
2492,0.001817598
2493,0.001801249
2494,0.001748752
2495,0.001601101
2496,0.001573615
2497,0.001622141
2498,0.001600756
2499,0.001585882
2500,0.001583383
2501,0.001566389
2502,0.001563433
2503,0.001611907
2504,0.001628057
2505,0.001587951
2506,0.001516292
2507,0.001769322
2508,0.001926427
2509,0.001808902
2510,0.00207506
2511,0.002107857
2512,0.002331256
2513,0.001999529
2514,0.002287821
2515,0.00217184
2516,0.002213654
2517,0.002217661
2518,0.002564507
2519,0.002427039
2520,0.002374908
2521,0.00250439
2522,0.002675241
2523,0.002491787
2524,0.002619639
2525,0.002493805
2526,0.002705569
2527,0.002556842
2528,0.002707191
2529,0.00263564
2530,0.002631638
2531,0.00256789
2532,0.002627932
2533,0.002805226
2534,0.002791586
2535,0.002983269
2536,0.002864016
2537,0.003073069
2538,0.002760958
2539,0.002704701
2540,0.002107221
2541,0.001923189
2542,0.001993757
2543,0.001617961
2544,0.001531188
2545,0.001578445
2546,0.001541687
2547,0.001596201
2548,0.001609703
2549,0.001609226
2550,0.001511788
2551,0.00151536
2552,0.00147108
2553,0.001516746
2554,0.001615602
2555,0.001827454
2556,0.001849908
2557,0.00193113
2558,0.001635606
2559,0.001740442
2560,0.001674978
2561,0.00164341
2562,0.001684877
2563,0.001720795
2564,0.00181012
2565,0.001776333
2566,0.0017568
2567,0.001769712
2568,0.001825768
2569,0.001817805
2570,0.001829404
2571,0.00183145
2572,0.002021672
2573,0.001995425
2574,0.002243199
2575,0.002212029
2576,0.002149999
2577,0.002133189
2578,0.002240764
2579,0.002099258
2580,0.002082925
2581,0.002217887
2582,0.002321588
2583,0.002300729
2584,0.002717953
2585,0.0022296
2586,0.002106225
2587,0.002067074
2588,0.002096717
2589,0.002175751
2590,0.002233948
2591,0.00221695
2592,0.002201923
2593,0.002187503
2594,0.002229514
2595,0.00224742
2596,0.002237463
2597,0.002253894
2598,0.002365056
2599,0.00244522
2600,0.002374558
2601,0.002355507
2602,0.002342309
2603,0.00235405
2604,0.002468977
2605,0.002408044
2606,0.002410987
2607,0.002337904
2608,0.002337276
2609,0.002286774
2610,0.002278028
2611,0.002391721
2612,0.002259915
2613,0.00227778
2614,0.002207746
2615,0.002184781
2616,0.002243623
2617,0.00231567
2618,0.002316122
2619,0.002291606
2620,0.002434597
2621,0.002172815
2622,0.00217614
2623,0.002233993
2624,0.002334215
2625,0.002478946
2626,0.002452941
2627,0.002467714
2628,0.002533506
2629,0.002421574
2630,0.002379945
2631,0.002279488
2632,0.00226273
2633,0.002266989
2634,0.002261912
2635,0.002298889
2636,0.002340707
2637,0.00243676
2638,0.002416081
2639,0.002215036
2640,0.002378785
2641,0.002455225
2642,0.002405245
2643,0.002475858
2644,0.002384787
2645,0.002373584
2646,0.002391598
2647,0.002317174
2648,0.002329662
2649,0.002191125
2650,0.002165412
2651,0.002094073
2652,0.002167697
2653,0.002229042
2654,0.002236323
2655,0.002200942
2656,0.002527504
2657,0.002255398
2658,0.002128588
2659,0.002187581
2660,0.002258816
2661,0.002218387
2662,0.002227671
2663,0.002288248
2664,0.002498207
2665,0.002259987
2666,0.002346165
2667,0.002237337
2668,0.00219791
2669,0.002162597
2670,0.002121024
2671,0.002050944
2672,0.001777635
2673,0.001809543
2674,0.001887816
2675,0.001949819
2676,0.001957479
2677,0.001728133
2678,0.001770064
2679,0.001660596
2680,0.001736699
2681,0.00172483
2682,0.001654553
2683,0.001670605
2684,0.001710466
2685,0.001770824
2686,0.00169519
2687,0.001717542
2688,0.001683152
2689,0.001735101
2690,0.001824441
2691,0.001898095
2692,0.002035492
2693,0.001924001
2694,0.001952077
2695,0.001977674
2696,0.001902803
2697,0.001976738
2698,0.00211817
2699,0.002275527
2700,0.002154608
2701,0.002220997
2702,0.002387615
2703,0.002860795
2704,0.002740811
2705,0.002710125
2706,0.002888279
2707,0.002999832
2708,0.003242822
2709,0.003049431
2710,0.003342722
2711,0.003278978
2712,0.003506155
2713,0.003709771
2714,0.003718344
2715,0.003785453
2716,0.003741308
2717,0.003692231
2718,0.003502389
2719,0.003530454
2720,0.003575959
2721,0.003841724
2722,0.003680284
2723,0.003555329
2724,0.003864941
2725,0.004818529
2726,0.004115774
2727,0.003752002
2728,0.003593156
2729,0.003715931
2730,0.003787905
2731,0.003834369
2732,0.003817034
2733,0.003781277
2734,0.003803608
2735,0.003468113
2736,0.003454643
2737,0.003446579
2738,0.003574856
2739,0.003468473
2740,0.003535227
2741,0.003441499
2742,0.003177807
2743,0.003113135
2744,0.003059993
2745,0.003138124
2746,0.003365212
2747,0.002930439
2748,0.002802562
2749,0.002869422
2750,0.002892542
2751,0.002513096
2752,0.002494022
2753,0.002505403
2754,0.004617714
2755,0.004303082
2756,0.003313379
2757,0.002377484
2758,0.002105717
2759,0.002111339
2760,0.002050093
2761,0.001998675
2762,0.002018885
2763,0.001954612
2764,0.001894143
2765,0.002071331
2766,0.003039542
2767,0.002396467
2768,0.002353923
2769,0.001814696
2770,0.001623903
2771,0.001606197
2772,0.001649448
2773,0.001514251
2774,0.001560868
2775,0.001571095
2776,0.001479261
2777,0.001500946
2778,0.001499231
2779,0.001478278
2780,0.001414223
2781,0.00142413
2782,0.001380831
2783,0.001432002
2784,0.001492528
2785,0.00147946
2786,0.001537067
2787,0.001486477
2788,0.001399835
2789,0.001371719
2790,0.001460709
2791,0.001456573
2792,0.001628746
2793,0.00170434
2794,0.001801664
2795,0.001784008
2796,0.001823543
2797,0.001830183
2798,0.001802077
2799,0.001831051
2800,0.001884374
2801,0.002300844
2802,0.002149135
2803,0.002125037
2804,0.002309266
2805,0.002081275
2806,0.002050167
2807,0.002146316
2808,0.002345905
2809,0.002661802
2810,0.002651359
2811,0.002674995
2812,0.002505607
2813,0.00255055
2814,0.002637544
2815,0.002628172
2816,0.002506757
2817,0.00244878
2818,0.002432037
2819,0.002442423
2820,0.002409737
2821,0.002304857
2822,0.002331468
2823,0.002447974
2824,0.002746739
2825,0.00285559
2826,0.002939673
2827,0.003070076
2828,0.003099089
2829,0.003041002
2830,0.003594393
2831,0.003167966
2832,0.00309009
2833,0.003149465
2834,0.003260801
2835,0.00329043
2836,0.003266448
2837,0.003265896
2838,0.003272111
2839,0.00335492
2840,0.00333075
2841,0.003260062
2842,0.002919777
2843,0.00307365
2844,0.003072886
2845,0.003550488
2846,0.002012698
2847,0.001703698
2848,0.001576079
2849,0.001646856
2850,0.001864587
2851,0.002120146
2852,0.002010842
2853,0.002076082
2854,0.002129307
2855,0.00230566
2856,0.002300539
2857,0.002898134
2858,0.002345291
2859,0.002473944
2860,0.002626781
2861,0.003206651
2862,0.002998187
2863,0.003001447
2864,0.003177701
2865,0.003481455
2866,0.003499917
2867,0.003535466
2868,0.003524382
2869,0.003650776
2870,0.003635541
2871,0.003837294
2872,0.003580216
2873,0.003938768
2874,0.003892663
2875,0.003662505
2876,0.003592835
2877,0.003835512
2878,0.003684962
2879,0.003382212
2880,0.00320037
2881,0.003175626
2882,0.003126949
2883,0.003312349
2884,0.002839743
2885,0.002836522
2886,0.002867588
2887,0.002722152
2888,0.002581622
2889,0.002553372
2890,0.0025083
2891,0.002621246
2892,0.003399057
2893,0.002726875
2894,0.002865986
2895,0.003063915
2896,0.002479557
2897,0.002580207
2898,0.002515847
2899,0.002503192
2900,0.002460911
2901,0.002510197
2902,0.002507907
2903,0.002345542
2904,0.002371188
2905,0.001847769
2906,0.001740692
2907,0.0016826
2908,0.001618975
2909,0.001664119
2910,0.001747224
2911,0.001656476
2912,0.00168221
2913,0.001703004
2914,0.001650733
2915,0.001529982
2916,0.001581008
2917,0.00153333
2918,0.001547079
2919,0.001530804
2920,0.001707758
2921,0.001555508
2922,0.001548779
2923,0.001532055
2924,0.001447839
2925,0.001434128
2926,0.0013953
2927,0.001442262
2928,0.001381429
2929,0.00136288
2930,0.001359163
2931,0.001316468
2932,0.001325378
2933,0.001364782
2934,0.001328915
2935,0.001274404
2936,0.001317721
2937,0.001304879
2938,0.001372923
2939,0.001309759
2940,0.001294755
2941,0.001333184
2942,0.001324387
2943,0.001301956
2944,0.001351422
2945,0.001303577
2946,0.001295816
2947,0.001344972
2948,0.00132582
2949,0.001210648
2950,0.001297132
2951,0.001212338
2952,0.001222916
2953,0.001240763
2954,0.001172656
2955,0.001124694
2956,0.001098749
2957,0.001051482
2958,0.001059286
2959,0.001052198
2960,0.001043187
2961,0.001164042
2962,0.001169361
2963,0.0009628174
2964,0.001017178
2965,0.0009867991
2966,0.001048511
2967,0.001078919
2968,0.00103902
2969,0.00102132
2970,0.001041665
2971,0.001101365
2972,0.001171958
2973,0.00114222
2974,0.001214813
2975,0.001104645
2976,0.00105441
2977,0.00110904
2978,0.00115293
2979,0.00110458
2980,0.001089179
2981,0.001142604
2982,0.00112455
2983,0.001165586
2984,0.001106199
2985,0.001098655
2986,0.001095674
2987,0.00107583
2988,0.001074603
2989,0.00106629
2990,0.001049777
2991,0.001040978
2992,0.001023434
2993,0.001025285
2994,0.001029713
2995,0.001020162
2996,0.001034133
2997,0.001020333
2998,0.001025174
2999,0.001043661
3000,0.001008353
3001,0.001001384
3002,0.001148678
3003,0.001055434
3004,0.0009916113
3005,0.001182621
3006,0.001055729
3007,0.001045082
3008,0.001047792
3009,0.001061258
3010,0.001149214
3011,0.001144982
3012,0.001106741
3013,0.001105819
3014,0.001133296
3015,0.001098174
3016,0.001078201
3017,0.001256397
3018,0.001267811
3019,0.001180694
3020,0.001228451
3021,0.001147597
3022,0.001163592
3023,0.001218732
3024,0.001448439
3025,0.001545042
3026,0.001610582
3027,0.001485438
3028,0.001366952
3029,0.001286815
3030,0.001332286
3031,0.001276941
3032,0.001232142
3033,0.001391846
3034,0.00132682
3035,0.001452552
3036,0.001360002
3037,0.001189662
3038,0.001076484
3039,0.001067618
3040,0.001134972
3041,0.001116342
3042,0.001111367
3043,0.001156824
3044,0.001087639
3045,0.001134081
3046,0.001151949
3047,0.001153538
3048,0.001172212
3049,0.001181487
3050,0.001201774
3051,0.001157124
3052,0.001295269
3053,0.001259792
3054,0.001417023
3055,0.001239525
3056,0.001256993
3057,0.001294347
3058,0.001320889
3059,0.001365044
3060,0.001483627
3061,0.001369227
3062,0.001278769
3063,0.00136659
3064,0.001299174
3065,0.001554688
3066,0.001402503
3067,0.001433844
3068,0.001573123
3069,0.001469625
3070,0.001440484
3071,0.001321065
3072,0.00144892
3073,0.001374852
3074,0.00135536
3075,0.001313624
3076,0.001374233
3077,0.001437887
3078,0.001698963
3079,0.001718749
3080,0.001400959
3081,0.001580625
3082,0.001266278
3083,0.001205372
3084,0.001222097
3085,0.001234371
3086,0.001193235
3087,0.001210808
3088,0.001236859
3089,0.001339782
3090,0.00145432
3091,0.001208167
3092,0.001202207
3093,0.001263055
3094,0.001444716
3095,0.001521704
3096,0.001084229
3097,0.001049893
3098,0.0009902386
3099,0.001595225
3100,0.001639255
3101,0.001651991
3102,0.001774087
3103,0.001483045
3104,0.001547765
3105,0.001660161
3106,0.001634922
3107,0.001397516
3108,0.001498547
3109,0.001732954
3110,0.001978375
3111,0.001764422
3112,0.001717082
3113,0.001873618
3114,0.001673942
3115,0.001733749
3116,0.001852773
3117,0.00200586
3118,0.002045899
3119,0.002452026
3120,0.002315248
3121,0.00239101
3122,0.002456595
3123,0.002664351
3124,0.002566233
3125,0.002563701
3126,0.002907264
3127,0.002889332
3128,0.002978166
3129,0.003040223
3130,0.00300357
3131,0.003307756
3132,0.003646995
3133,0.00300974
3134,0.002688667
3135,0.00299391
3136,0.002942864
3137,0.002795902
3138,0.002543754
3139,0.003454802
3140,0.003237733
3141,0.00250312
3142,0.002487724
3143,0.002496875
3144,0.002540709
3145,0.002474534
3146,0.002439524
3147,0.002374268
3148,0.00233603
3149,0.002536623
3150,0.002732716
3151,0.002617565
3152,0.002877029
3153,0.002721368
3154,0.002420619
3155,0.002491192
3156,0.00290719
3157,0.002732134
3158,0.002706508
3159,0.002238035
3160,0.00231333
3161,0.00226301
3162,0.00214786
3163,0.002217283
3164,0.002272219
3165,0.002210671
3166,0.002127405
3167,0.002192098
3168,0.001995238
3169,0.0020238
3170,0.002048729
3171,0.002101704
3172,0.00206001
3173,0.002054334
3174,0.002117586
3175,0.002237555
3176,0.002481839
3177,0.002615317
3178,0.002521405
3179,0.002795536
3180,0.002606855
3181,0.002723408
3182,0.002504975
3183,0.002540017
3184,0.002441204
3185,0.002521142
3186,0.002553205
3187,0.001978952
3188,0.002029174
3189,0.002265163
3190,0.002413747
3191,0.002739494
3192,0.002747989
3193,0.002453762
3194,0.002197327
3195,0.002140042
3196,0.002147462
3197,0.002246554
3198,0.002099212
3199,0.002103674
3200,0.001943241
3201,0.001504057
3202,0.001574257
3203,0.001346541
3204,0.001451447
3205,0.001545048
3206,0.00140233
3207,0.00138056
3208,0.001257545
3209,0.00125701
3210,0.001226573
3211,0.001201969
3212,0.001205191
3213,0.001261155
3214,0.00103017
3215,0.001060721
3216,0.001063328
3217,0.001073407
3218,0.001083358
3219,0.001143381
3220,0.001085969
3221,0.00112139
3222,0.001138323
3223,0.001130637
3224,0.001099518
3225,0.001119177
3226,0.001121785
3227,0.001240495
3228,0.001262531
3229,0.001814056
3230,0.00195116
3231,0.001960415
3232,0.001334299
3233,0.001331505
3234,0.001334931
3235,0.001419574
3236,0.001558254
3237,0.001551006
3238,0.001617293
3239,0.001773712
3240,0.001664769
3241,0.001684669
3242,0.001770751
3243,0.001905007
3244,0.002334859
3245,0.002553396
3246,0.002696672
3247,0.00275796
3248,0.002709269
3249,0.002757895
3250,0.002830832
3251,0.002839203
3252,0.003255231
3253,0.002888057
3254,0.002848156
3255,0.002905822
3256,0.003260466
3257,0.003117359
3258,0.003289259
3259,0.003164127
3260,0.002843786
3261,0.002245837
3262,0.002078254
3263,0.001816442
3264,0.001643546
3265,0.001864107
3266,0.001752851
3267,0.001580192
3268,0.00159392
3269,0.001341719
3270,0.00136638
3271,0.001298096
3272,0.001391687
3273,0.001459487
3274,0.001465748
3275,0.00133078
3276,0.001321761
3277,0.00135781
3278,0.001421714
3279,0.001418061
3280,0.001584171
3281,0.001531795
3282,0.00175199
3283,0.001603565
3284,0.001690369
3285,0.001961311
3286,0.001790681
3287,0.002068016
3288,0.001725675
3289,0.001487306
3290,0.001341457
3291,0.001436262
3292,0.001335534
3293,0.00149714
3294,0.001499903
3295,0.001450973
3296,0.001493467
3297,0.00116805
3298,0.001201244
3299,0.001540314
3300,0.001602964
3301,0.002106413
3302,0.001367246
3303,0.00118225
3304,0.001366705
3305,0.00152264
3306,0.002032546
3307,0.001657716
3308,0.001355779
3309,0.001139988
3310,0.001025299
3311,0.0009165169
3312,0.000935529
3313,0.0009638557
3314,0.001171134
3315,0.001162948
3316,0.001094914
3317,0.0006178567
3318,0.0006223553
3319,0.0006823733
3320,0.0005333789
3321,0.0004821028
3322,0.0004655407
3323,0.000511534
3324,0.0004605803
3325,0.0004534326
3326,0.0004858531
3327,0.0004267523
3328,0.0005140097
3329,0.000548798
3330,0.0005316675
3331,0.000494871
3332,0.0004729921
3333,0.0004902038
3334,0.0004771232
3335,0.0004232819
3336,0.0004481866
3337,0.0005591324
3338,0.0003702435
3339,0.0003579106
3340,0.0004169793
3341,0.0003802991
3342,0.0004639009
3343,0.000496811
3344,0.0005769376
3345,0.0004834062
3346,0.0005285083
3347,0.0006401675
3348,0.0006336883
3349,0.0006845747
3350,0.0009076864
3351,0.0009122829
3352,0.0007316699
3353,0.0007200001
3354,0.0007781702
3355,0.0007289106
3356,0.0007889097
3357,0.0007887268
3358,0.0006845672
3359,0.0005169822
3360,0.0005324513
3361,0.0006214684
3362,0.000590985
3363,0.0006150159
3364,0.000630006
3365,0.0006543591
3366,0.0006693606
3367,0.000670309
3368,0.0007662136
3369,0.0007537905
3370,0.0007431651
3371,0.0007542052
3372,0.0006254099
3373,0.00051044
3374,0.0004847554
3375,0.0005193115
3376,0.0005720546
3377,0.0006419959
3378,0.0006988973
3379,0.0006703896
3380,0.000596733
3381,0.0005942647
3382,0.0006240705
3383,0.0006294099
3384,0.000704079
3385,0.0007122156
3386,0.0007824133
3387,0.0007048559
3388,0.0009350752
3389,0.0009008067
3390,0.0008303334
3391,0.0008246181
3392,0.0007849023
3393,0.000787772
3394,0.000576303
3395,0.0006099603
3396,0.0006735772
3397,0.0006814484
3398,0.0006511489
3399,0.0006613398
3400,0.0006391548
3401,0.0005348589
3402,0.0005307246
3403,0.0005717322
3404,0.0005264792
3405,0.0005335985
3406,0.0005768128
3407,0.00054025
3408,0.0004888689
3409,0.0004955745
3410,0.0004817354
3411,0.0004799876
3412,0.0006255857
3413,0.0006886206
3414,0.0006791322
3415,0.0004948938
3416,0.0005218125
3417,0.000560791
3418,0.0005847178
3419,0.0005546843
3420,0.0005751675
3421,0.000598654
3422,0.0005870738
3423,0.0006028919
3424,0.0005885157
3425,0.0006420019
3426,0.000678149
3427,0.0006893696
3428,0.0007712764
3429,0.0005367946
3430,0.000598749
3431,0.000599622
3432,0.0006588509
3433,0.0006538267
3434,0.0006641484
3435,0.0006229108
3436,0.0004870613
3437,0.0004730854
3438,0.0004762152
3439,0.0005043179
3440,0.0005470063
3441,0.000501064
3442,0.0005218819
3443,0.0004657558
3444,0.000488258
3445,0.0005570531
3446,0.0005511581
3447,0.0006163209
3448,0.0006155499
3449,0.0005892477
3450,0.0004997886
3451,0.0004929929
3452,0.000514821
3453,0.0005863144
3454,0.0004686655
3455,0.0005090259
3456,0.0005165893
3457,0.0003893996
3458,0.0004268147
3459,0.0003855772
3460,0.0003774645
3461,0.0003629696
3462,0.0003867818
3463,0.0003552204
3464,0.0003191186
3465,0.0003122671
3466,0.0003256659
3467,0.0003319211
3468,0.000352906
3469,0.0003733315
3470,0.0004398901
3471,0.0003728796
3472,0.0003892911
3473,0.0004316176
3474,0.0004169851
3475,0.0004823468
3476,0.0005661196
3477,0.0005649249
3478,0.0006341899
3479,0.0005289986
3480,0.0007430025
3481,0.0007406233
3482,0.0008652845
3483,0.0009291313
3484,0.000862918
3485,0.0005874117
3486,0.0006288455
3487,0.0006046906
3488,0.0007653621
3489,0.0005895999
3490,0.0005319479
3491,0.0005430921
3492,0.0005789716
3493,0.0003361821
3494,0.0004804951
3495,0.0004380101
3496,0.0004047852
3497,0.0004192753
3498,0.0003299466
3499,0.0002182254
3500,0.0002375934
3501,0.0002844954
3502,0.0002924997
3503,0.0002799393
3504,0.0002676783
3505,0.0002544564
3506,0.0002082411
3507,0.000511526
3508,0.0005232004
3509,0.0005101066
3510,0.000541816
3511,0.0005225722
3512,0.0006172895
3513,0.0005471109
3514,0.001021743
3515,0.001844455
3516,0.001541971
3517,0.006332612
3518,0.00291975
3519,0.004005742
3520,0.003325506
3521,0.003006537
3522,0.003014696
3523,0.003035369
3524,0.00250323
3525,0.003037684
3526,0.003798101
3527,0.003979537
3528,0.00448583
3529,0.003997284
3530,0.004302809
3531,0.005383485
3532,0.005223669
3533,0.004623658
3534,0.004459009
3535,0.004252242
3536,0.00455797
3537,0.004338125
3538,0.003761078
3539,0.003622853
3540,0.003821469
3541,0.004059271
3542,0.0039541
3543,0.005047103
3544,0.004528161
3545,0.003743921
3546,0.003633577
3547,0.003762965
3548,0.003952741
3549,0.004479295
3550,0.00436933
3551,0.004420055
3552,0.004333886
3553,0.004791359
3554,0.004291712
3555,0.00405487
3556,0.003865198
3557,0.003821218
3558,0.003554617
3559,0.00289702
3560,0.002902531
3561,0.002988468
3562,0.002886812
3563,0.002970532
3564,0.003599521
3565,0.003765531
3566,0.002735383
3567,0.002796067
3568,0.002521281
3569,0.002570733
3570,0.002617992
3571,0.002783364
3572,0.002751155
3573,0.002237972
3574,0.002532072
3575,0.002406289
3576,0.00248826
3577,0.002507654
3578,0.002505489
3579,0.002517005
3580,0.002763838
3581,0.002675103
3582,0.002936209
3583,0.002863311
3584,0.002989508
3585,0.00266391
3586,0.002687577
3587,0.002792505
3588,0.002774543
3589,0.002772618
3590,0.002760884
3591,0.002735069
3592,0.002770938
3593,0.002566067
3594,0.0030038
3595,0.002850237
3596,0.002775603
3597,0.003294113
3598,0.002653785
3599,0.002739572
3600,0.00284233
3601,0.002883282
3602,0.002799628
3603,0.002832973
3604,0.003005218
3605,0.002810861
3606,0.002848816
3607,0.002904476
3608,0.002292287
3609,0.002331535
3610,0.002267717
3611,0.002519142
3612,0.002352362
3613,0.002467814
3614,0.00272655
3615,0.002219037
3616,0.002282337
3617,0.002106105
3618,0.002102727
3619,0.002145193
3620,0.002059387
3621,0.002117528
3622,0.001867242
3623,0.001831268
3624,0.002050637
3625,0.002237153
3626,0.002182844
3627,0.002224718
3628,0.002542996
3629,0.002131773
3630,0.001997102
3631,0.002049173
3632,0.002104359
3633,0.002222555
3634,0.00227059
3635,0.002575071
3636,0.002399728
3637,0.002428459
3638,0.002365839
3639,0.002579562
3640,0.002546111
3641,0.002506539
3642,0.003169012
3643,0.003349287
3644,0.003445063
3645,0.003582695
3646,0.003555118
3647,0.003345598
3648,0.003263691
3649,0.003056685
3650,0.00295531
3651,0.002935137
3652,0.002511878
3653,0.002413387
3654,0.002434002
3655,0.002580498
3656,0.002559346
3657,0.002432293
3658,0.002259275
3659,0.002188009
3660,0.00227677
3661,0.002213153
3662,0.002258583
3663,0.002367971
3664,0.002378497
3665,0.002606921
3666,0.002800118
3667,0.003244584
3668,0.002922125
3669,0.003245537
3670,0.003508961
3671,0.003557647
3672,0.003484212
3673,0.003040763
3674,0.002620502
3675,0.002657153
3676,0.002559077
3677,0.002522562
3678,0.002375184
3679,0.002368567
3680,0.002607462
3681,0.003004459
3682,0.002472611
3683,0.002360904
3684,0.00225962
3685,0.002252305
3686,0.002233214
3687,0.002114742
3688,0.001988246
3689,0.001870464
3690,0.001765545
3691,0.001708332
3692,0.001509762
3693,0.001652543
3694,0.001582564
3695,0.001531248
3696,0.001575785
3697,0.001547684
3698,0.001495686
3699,0.001198922
3700,0.001210765
3701,0.001180472
3702,0.001235104
3703,0.001181314
3704,0.001224714
3705,0.001154172
3706,0.001076802
3707,0.001092379
3708,0.001080715
3709,0.00110076
3710,0.001120169
3711,0.001115245
3712,0.001090371
3713,0.001028593
3714,0.001035967
3715,0.001102402
3716,0.001123793
3717,0.001110606
3718,0.001048828
3719,0.001092523
3720,0.001006695
3721,0.001039762
3722,0.001092071
3723,0.001060608
3724,0.00106083
3725,0.001065648
3726,0.001656029
3727,0.002275945
3728,0.002205319
3729,0.002264501
3730,0.002264769
3731,0.002309521
3732,0.002276998
3733,0.002295366
3734,0.002330655
3735,0.002314615
3736,0.002239425
3737,0.002207988
3738,0.00221026
3739,0.002168944
3740,0.002153867
3741,0.002246957
3742,0.002217631
3743,0.002195826
3744,0.002155181
3745,0.002199204
3746,0.002200961
3747,0.002179726
3748,0.002180575
3749,0.002201947
3750,0.002202445
3751,0.002196813
3752,0.002244631
3753,0.002222043
3754,0.002184984
3755,0.002222648
3756,0.002216224
3757,0.002265027
3758,0.002271253
3759,0.002251129
3760,0.002268829
3761,0.002273104
3762,0.00225945
3763,0.002238669
3764,0.002234543
3765,0.002247928
3766,0.002255798
3767,0.002264446
3768,0.002245933
3769,0.002211022
3770,0.002204982
3771,0.002208014
3772,0.002230554
3773,0.002267721
3774,0.002245795
3775,0.002245096
3776,0.002174209
3777,0.002175158
3778,0.002175529
3779,0.002175863
3780,0.002177767
3781,0.002213083
3782,0.002217932
3783,0.002246834
3784,0.001909786
3785,0.001950705
3786,0.002265325
3787,0.002265415
3788,0.002257949
3789,0.002264858
3790,0.002260526
3791,0.002250523
3792,0.002255135
3793,0.002282263
3794,0.002268312
3795,0.002294449
3796,0.002265388
3797,0.002194624
3798,0.002191453
3799,0.00221389
3800,0.002245973
3801,0.002186566
3802,0.002205774
3803,0.002175853
3804,0.001319638
3805,0.001143304
3806,0.001137598
3807,0.001151097
3808,0.00125036
3809,0.001352577
3810,0.001411921
3811,0.001324047
3812,0.001195351
3813,0.001209487
3814,0.001181998
3815,0.001216368
3816,0.001279099
3817,0.001309765
3818,0.001430449
3819,0.001514903
3820,0.001351928
3821,0.001658546
3822,0.001411713
3823,0.001578488
3824,0.001582161
3825,0.001560311
3826,0.001218687
3827,0.001213842
3828,0.001888208
3829,0.001898819
3830,0.001081335
3831,0.001025921
3832,0.001026097
3833,0.001016639
3834,0.001024785
3835,0.001024948
3836,0.001060688
3837,0.001029152
3838,0.001066528
3839,0.001027767
3840,0.001038226
3841,0.001018198
3842,0.001017941
3843,0.001030865
3844,0.001024021
3845,0.001022967
3846,0.001035979
3847,0.001005431
3848,0.001005912
3849,0.00102656
3850,0.001016511
3851,0.0009995392
3852,0.001001748
3853,0.0009837082
3854,0.000979449
3855,0.0009599164
3856,0.0009461739
3857,0.0009512528
3858,0.0009811262
3859,0.0009964163
3860,0.001009057
3861,0.00102775
3862,0.001019846
3863,0.001016223
3864,0.001001575
3865,0.0009695117
3866,0.0009550551
3867,0.0009558618
3868,0.0009579883
3869,0.0009604217
3870,0.0009630389
3871,0.0009388224
3872,0.0009996021
3873,0.0009705627
3874,0.0009833295
3875,0.0009730447
3876,0.0009741375
3877,0.0009796119
3878,0.0009971972
3879,0.0009354858
3880,0.0009360196
3881,0.0009293532
3882,0.0009203803
3883,0.000926775
3884,0.0009640348
3885,0.0009197449
3886,0.0009350889
3887,0.0009009537
3888,0.0009127244
3889,0.000921717
3890,0.0009478125
3891,0.0009468869
3892,0.0009251524
3893,0.0009177864
3894,0.0009255537
3895,0.0009169179
3896,0.0009127603
3897,0.0009142673
3898,0.0009457907
3899,0.0009923753
3900,0.0009433657
3901,0.0009327712
3902,0.0009372514
